percent,qq,workerid,theta,resp,percent_cat
1,Few,1,0.0340767353134687,0,1-20
1,Few,1,0.0340767353134687,0,1-20
1,Few,1,0.0340767353134687,0,1-20
2,Few,1,0.0378683447521281,0,1-20
2,Few,1,0.0378683447521281,1,1-20
2,Few,1,0.0378683447521281,0,1-20
3,Few,1,0.0420634626605052,0,1-20
3,Few,1,0.0420634626605052,0,1-20
3,Few,1,0.0420634626605052,0,1-20
4,Few,1,0.0467007646266089,0,1-20
4,Few,1,0.0467007646266089,0,1-20
4,Few,1,0.0467007646266089,1,1-20
5,Few,1,0.0518216509671638,0,1-20
5,Few,1,0.0518216509671638,0,1-20
5,Few,1,0.0518216509671638,0,1-20
6,Few,1,0.0574702070220726,0,1-20
6,Few,1,0.0574702070220726,0,1-20
6,Few,1,0.0574702070220726,0,1-20
7,Few,1,0.0636930966483455,0,1-20
7,Few,1,0.0636930966483455,0,1-20
7,Few,1,0.0636930966483455,0,1-20
8,Few,1,0.0705393737333274,0,1-20
8,Few,1,0.0705393737333274,0,1-20
8,Few,1,0.0705393737333274,0,1-20
9,Few,1,0.0780601951559897,1,1-20
9,Few,1,0.0780601951559897,0,1-20
9,Few,1,0.0780601951559897,0,1-20
10,Few,1,0.086308417654298,0,1-20
10,Few,1,0.086308417654298,0,1-20
10,Few,1,0.086308417654298,0,1-20
11,Few,1,0.0953380607486287,0,1-20
11,Few,1,0.0953380607486287,0,1-20
11,Few,1,0.0953380607486287,0,1-20
12,Few,1,0.105203618518593,0,1-20
12,Few,1,0.105203618518593,0,1-20
12,Few,1,0.105203618518593,0,1-20
13,Few,1,0.115959204968816,0,1-20
13,Few,1,0.115959204968816,0,1-20
13,Few,1,0.115959204968816,0,1-20
14,Few,1,0.127657521308408,0,1-20
14,Few,1,0.127657521308408,0,1-20
14,Few,1,0.127657521308408,0,1-20
15,Few,1,0.140348639063131,0,1-20
15,Few,1,0.140348639063131,0,1-20
15,Few,1,0.140348639063131,1,1-20
16,Few,1,0.154078600839507,0,1-20
16,Few,1,0.154078600839507,0,1-20
16,Few,1,0.154078600839507,0,1-20
17,Few,1,0.168887850950902,0,1-20
17,Few,1,0.168887850950902,0,1-20
17,Few,1,0.168887850950902,0,1-20
18,Few,1,0.184809520986056,0,1-20
18,Few,1,0.184809520986056,0,1-20
18,Few,1,0.184809520986056,0,1-20
19,Few,1,0.201867610458019,0,1-20
19,Few,1,0.201867610458019,0,1-20
19,Few,1,0.201867610458019,0,1-20
20,Few,1,0.220075119257089,0,1-20
20,Few,1,0.220075119257089,0,1-20
20,Few,1,0.220075119257089,0,1-20
21,Few,1,0.239432205658061,0,21-40
21,Few,1,0.239432205658061,0,21-40
21,Few,1,0.239432205658061,0,21-40
22,Few,1,0.259924459566138,0,21-40
22,Few,1,0.259924459566138,1,21-40
22,Few,1,0.259924459566138,0,21-40
23,Few,1,0.281521393598903,0,21-40
23,Few,1,0.281521393598903,0,21-40
23,Few,1,0.281521393598903,1,21-40
24,Few,1,0.304175262313667,0,21-40
24,Few,1,0.304175262313667,0,21-40
24,Few,1,0.304175262313667,0,21-40
25,Few,1,0.32782032021276,0,21-40
25,Few,1,0.32782032021276,1,21-40
25,Few,1,0.32782032021276,1,21-40
26,Few,1,0.352372620234521,0,21-40
26,Few,1,0.352372620234521,0,21-40
26,Few,1,0.352372620234521,0,21-40
27,Few,1,0.377730435122102,0,21-40
27,Few,1,0.377730435122102,0,21-40
27,Few,1,0.377730435122102,0,21-40
28,Few,1,0.403775354306702,0,21-40
28,Few,1,0.403775354306702,0,21-40
28,Few,1,0.403775354306702,0,21-40
29,Few,1,0.43037407006952,1,21-40
29,Few,1,0.43037407006952,0,21-40
29,Few,1,0.43037407006952,1,21-40
30,Few,1,0.457380821542415,1,21-40
30,Few,1,0.457380821542415,1,21-40
30,Few,1,0.457380821542415,0,21-40
31,Few,1,0.484640417651209,0,21-40
31,Few,1,0.484640417651209,1,21-40
31,Few,1,0.484640417651209,1,21-40
32,Few,1,0.511991715329675,1,21-40
32,Few,1,0.511991715329675,0,21-40
32,Few,1,0.511991715329675,1,21-40
33,Few,1,0.539271392345016,0,21-40
33,Few,1,0.539271392345016,0,21-40
33,Few,1,0.539271392345016,0,21-40
34,Few,1,0.56631782936795,0,21-40
34,Few,1,0.56631782936795,1,21-40
34,Few,1,0.56631782936795,1,21-40
35,Few,1,0.592974906611129,0,21-40
35,Few,1,0.592974906611129,1,21-40
35,Few,1,0.592974906611129,0,21-40
36,Few,1,0.619095527646487,0,21-40
36,Few,1,0.619095527646487,1,21-40
36,Few,1,0.619095527646487,1,21-40
37,Few,1,0.644544705956416,0,21-40
37,Few,1,0.644544705956416,1,21-40
37,Few,1,0.644544705956416,1,21-40
38,Few,1,0.669202085469633,1,21-40
38,Few,1,0.669202085469633,1,21-40
38,Few,1,0.669202085469633,1,21-40
39,Few,1,0.692963810420063,0,21-40
39,Few,1,0.692963810420063,0,21-40
39,Few,1,0.692963810420063,0,21-40
40,Few,1,0.715743707270051,1,21-40
40,Few,1,0.715743707270051,1,21-40
40,Few,1,0.715743707270051,1,21-40
41,Few,1,0.737473787163756,0,41-60
41,Few,1,0.737473787163756,1,41-60
41,Few,1,0.737473787163756,1,41-60
42,Few,1,0.758104117208355,1,41-60
42,Few,1,0.758104117208355,1,41-60
42,Few,1,0.758104117208355,0,41-60
43,Few,1,0.777602139860338,1,41-60
43,Few,1,0.777602139860338,1,41-60
43,Few,1,0.777602139860338,1,41-60
44,Few,1,0.795951540319029,1,41-60
44,Few,1,0.795951540319029,1,41-60
44,Few,1,0.795951540319029,1,41-60
45,Few,1,0.813150771991437,1,41-60
45,Few,1,0.813150771991437,1,41-60
45,Few,1,0.813150771991437,1,41-60
46,Few,1,0.829211350818819,1,41-60
46,Few,1,0.829211350818819,1,41-60
46,Few,1,0.829211350818819,1,41-60
47,Few,1,0.844156022338693,1,41-60
47,Few,1,0.844156022338693,1,41-60
47,Few,1,0.844156022338693,1,41-60
48,Few,1,0.858016892963106,1,41-60
48,Few,1,0.858016892963106,0,41-60
48,Few,1,0.858016892963106,1,41-60
49,Few,1,0.870833601281098,0,41-60
49,Few,1,0.870833601281098,1,41-60
49,Few,1,0.870833601281098,1,41-60
50,Few,1,0.882651588209559,1,41-60
50,Few,1,0.882651588209559,1,41-60
50,Few,1,0.882651588209559,1,41-60
51,Few,1,0.893520508108879,1,41-60
51,Few,1,0.893520508108879,1,41-60
51,Few,1,0.893520508108879,1,41-60
52,Few,1,0.903492807690313,1,41-60
52,Few,1,0.903492807690313,1,41-60
52,Few,1,0.903492807690313,1,41-60
53,Few,1,0.912622486379581,1,41-60
53,Few,1,0.912622486379581,1,41-60
53,Few,1,0.912622486379581,1,41-60
54,Few,1,0.920964041099581,1,41-60
54,Few,1,0.920964041099581,1,41-60
54,Few,1,0.920964041099581,1,41-60
55,Few,1,0.928571590234786,1,41-60
55,Few,1,0.928571590234786,1,41-60
55,Few,1,0.928571590234786,1,41-60
56,Few,1,0.935498165676166,1,41-60
56,Few,1,0.935498165676166,1,41-60
56,Few,1,0.935498165676166,1,41-60
57,Few,1,0.941795158027782,1,41-60
57,Few,1,0.941795158027782,1,41-60
57,Few,1,0.941795158027782,1,41-60
58,Few,1,0.947511897934343,1,41-60
58,Few,1,0.947511897934343,1,41-60
58,Few,1,0.947511897934343,1,41-60
59,Few,1,0.952695355701417,1,41-60
59,Few,1,0.952695355701417,1,41-60
59,Few,1,0.952695355701417,1,41-60
60,Few,1,0.957389941587109,1,41-60
60,Few,1,0.957389941587109,1,41-60
60,Few,1,0.957389941587109,1,41-60
61,Few,1,0.961637390047281,1,61-80
61,Few,1,0.961637390047281,0,61-80
61,Few,1,0.961637390047281,1,61-80
62,Few,1,0.965476712566999,1,61-80
62,Few,1,0.965476712566999,1,61-80
62,Few,1,0.965476712566999,1,61-80
63,Few,1,0.968944205311331,1,61-80
63,Few,1,0.968944205311331,1,61-80
63,Few,1,0.968944205311331,1,61-80
64,Few,1,0.972073499529013,1,61-80
64,Few,1,0.972073499529013,1,61-80
64,Few,1,0.972073499529013,1,61-80
65,Few,1,0.974895644334738,1,61-80
65,Few,1,0.974895644334738,1,61-80
65,Few,1,0.974895644334738,1,61-80
66,Few,1,0.977439213106549,1,61-80
66,Few,1,0.977439213106549,1,61-80
66,Few,1,0.977439213106549,1,61-80
67,Few,1,0.979730426218134,0,61-80
67,Few,1,0.979730426218134,1,61-80
67,Few,1,0.979730426218134,1,61-80
68,Few,1,0.981793284156883,1,61-80
68,Few,1,0.981793284156883,1,61-80
68,Few,1,0.981793284156883,1,61-80
69,Few,1,0.983649706247905,1,61-80
69,Few,1,0.983649706247905,1,61-80
69,Few,1,0.983649706247905,1,61-80
70,Few,1,0.985319671213059,1,61-80
70,Few,1,0.985319671213059,1,61-80
70,Few,1,0.985319671213059,1,61-80
71,Few,1,0.986821356650661,1,61-80
71,Few,1,0.986821356650661,1,61-80
71,Few,1,0.986821356650661,1,61-80
72,Few,1,0.988171275238389,1,61-80
72,Few,1,0.988171275238389,1,61-80
72,Few,1,0.988171275238389,1,61-80
73,Few,1,0.989384406053725,1,61-80
73,Few,1,0.989384406053725,1,61-80
73,Few,1,0.989384406053725,1,61-80
74,Few,1,0.990474319888261,1,61-80
74,Few,1,0.990474319888261,1,61-80
74,Few,1,0.990474319888261,1,61-80
75,Few,1,0.991453297819683,1,61-80
75,Few,1,0.991453297819683,1,61-80
75,Few,1,0.991453297819683,1,61-80
76,Few,1,0.992332442612088,1,61-80
76,Few,1,0.992332442612088,1,61-80
76,Few,1,0.992332442612088,1,61-80
77,Few,1,0.993121782754812,1,61-80
77,Few,1,0.993121782754812,1,61-80
77,Few,1,0.993121782754812,1,61-80
78,Few,1,0.993830369133272,1,61-80
78,Few,1,0.993830369133272,1,61-80
78,Few,1,0.993830369133272,1,61-80
79,Few,1,0.99446636446288,1,61-80
79,Few,1,0.99446636446288,1,61-80
79,Few,1,0.99446636446288,1,61-80
80,Few,1,0.995037125717282,1,61-80
80,Few,1,0.995037125717282,1,61-80
80,Few,1,0.995037125717282,1,61-80
81,Few,1,0.995549279852468,1,81-100
81,Few,1,0.995549279852468,1,81-100
81,Few,1,0.995549279852468,1,81-100
82,Few,1,0.996008793174934,1,81-100
82,Few,1,0.996008793174934,1,81-100
82,Few,1,0.996008793174934,1,81-100
83,Few,1,0.996421034729994,1,81-100
83,Few,1,0.996421034729994,1,81-100
83,Few,1,0.996421034729994,1,81-100
84,Few,1,0.996790834099992,1,81-100
84,Few,1,0.996790834099992,1,81-100
84,Few,1,0.996790834099992,1,81-100
85,Few,1,0.997122534004814,1,81-100
85,Few,1,0.997122534004814,1,81-100
85,Few,1,0.997122534004814,1,81-100
86,Few,1,0.997420038091616,1,81-100
86,Few,1,0.997420038091616,1,81-100
86,Few,1,0.997420038091616,1,81-100
87,Few,1,0.997686854289311,1,81-100
87,Few,1,0.997686854289311,1,81-100
87,Few,1,0.997686854289311,1,81-100
88,Few,1,0.997926134087772,1,81-100
88,Few,1,0.997926134087772,1,81-100
88,Few,1,0.997926134087772,1,81-100
89,Few,1,0.998140708083462,1,81-100
89,Few,1,0.998140708083462,1,81-100
89,Few,1,0.998140708083462,1,81-100
90,Few,1,0.998333118113156,1,81-100
90,Few,1,0.998333118113156,1,81-100
90,Few,1,0.998333118113156,1,81-100
91,Few,1,0.998505646276668,1,81-100
91,Few,1,0.998505646276668,1,81-100
91,Few,1,0.998505646276668,1,81-100
92,Few,1,0.998660341128404,1,81-100
92,Few,1,0.998660341128404,1,81-100
92,Few,1,0.998660341128404,1,81-100
93,Few,1,0.998799041296799,1,81-100
93,Few,1,0.998799041296799,1,81-100
93,Few,1,0.998799041296799,1,81-100
94,Few,1,0.99892339677049,1,81-100
94,Few,1,0.99892339677049,1,81-100
94,Few,1,0.99892339677049,1,81-100
95,Few,1,0.99903488807068,1,81-100
95,Few,1,0.99903488807068,1,81-100
95,Few,1,0.99903488807068,1,81-100
96,Few,1,0.999134843510746,1,81-100
96,Few,1,0.999134843510746,1,81-100
96,Few,1,0.999134843510746,1,81-100
97,Few,1,0.999224454726823,1,81-100
97,Few,1,0.999224454726823,1,81-100
97,Few,1,0.999224454726823,1,81-100
98,Few,1,0.999304790646856,1,81-100
98,Few,1,0.999304790646856,1,81-100
98,Few,1,0.999304790646856,1,81-100
99,Few,1,0.999376810050537,1,81-100
99,Few,1,0.999376810050537,1,81-100
99,Few,1,0.999376810050537,1,81-100
100,Few,1,0.999441372858614,1,81-100
100,Few,1,0.999441372858614,1,81-100
100,Few,1,0.999441372858614,1,81-100
1,Few,2,0.00167970757582593,0,1-20
1,Few,2,0.00167970757582593,0,1-20
1,Few,2,0.00167970757582593,0,1-20
2,Few,2,0.00190238931685386,0,1-20
2,Few,2,0.00190238931685386,0,1-20
2,Few,2,0.00190238931685386,0,1-20
3,Few,2,0.00215452865025704,0,1-20
3,Few,2,0.00215452865025704,0,1-20
3,Few,2,0.00215452865025704,0,1-20
4,Few,2,0.00244000439161318,0,1-20
4,Few,2,0.00244000439161318,0,1-20
4,Few,2,0.00244000439161318,0,1-20
5,Few,2,0.00276320101532242,0,1-20
5,Few,2,0.00276320101532242,0,1-20
5,Few,2,0.00276320101532242,0,1-20
6,Few,2,0.00312907313905259,0,1-20
6,Few,2,0.00312907313905259,0,1-20
6,Few,2,0.00312907313905259,0,1-20
7,Few,2,0.00354321782503025,0,1-20
7,Few,2,0.00354321782503025,0,1-20
7,Few,2,0.00354321782503025,0,1-20
8,Few,2,0.00401195552931365,0,1-20
8,Few,2,0.00401195552931365,0,1-20
8,Few,2,0.00401195552931365,0,1-20
9,Few,2,0.0045424205840669,0,1-20
9,Few,2,0.0045424205840669,0,1-20
9,Few,2,0.0045424205840669,0,1-20
10,Few,2,0.00514266214384784,0,1-20
10,Few,2,0.00514266214384784,0,1-20
10,Few,2,0.00514266214384784,0,1-20
11,Few,2,0.0058217565601398,0,1-20
11,Few,2,0.0058217565601398,0,1-20
11,Few,2,0.0058217565601398,0,1-20
12,Few,2,0.00658993216236006,0,1-20
12,Few,2,0.00658993216236006,0,1-20
12,Few,2,0.00658993216236006,0,1-20
13,Few,2,0.00745870740999129,0,1-20
13,Few,2,0.00745870740999129,0,1-20
13,Few,2,0.00745870740999129,0,1-20
14,Few,2,0.00844104332854443,0,1-20
14,Few,2,0.00844104332854443,0,1-20
14,Few,2,0.00844104332854443,0,1-20
15,Few,2,0.00955151103809808,0,1-20
15,Few,2,0.00955151103809808,0,1-20
15,Few,2,0.00955151103809808,0,1-20
16,Few,2,0.0108064750100013,0,1-20
16,Few,2,0.0108064750100013,0,1-20
16,Few,2,0.0108064750100013,0,1-20
17,Few,2,0.0122242924236659,0,1-20
17,Few,2,0.0122242924236659,0,1-20
17,Few,2,0.0122242924236659,0,1-20
18,Few,2,0.0138255286151203,0,1-20
18,Few,2,0.0138255286151203,0,1-20
18,Few,2,0.0138255286151203,0,1-20
19,Few,2,0.0156331880806579,0,1-20
19,Few,2,0.0156331880806579,0,1-20
19,Few,2,0.0156331880806579,0,1-20
20,Few,2,0.0176729597851257,0,1-20
20,Few,2,0.0176729597851257,0,1-20
20,Few,2,0.0176729597851257,0,1-20
21,Few,2,0.0199734745817291,0,21-40
21,Few,2,0.0199734745817291,0,21-40
21,Few,2,0.0199734745817291,0,21-40
22,Few,2,0.0225665713294741,0,21-40
22,Few,2,0.0225665713294741,0,21-40
22,Few,2,0.0225665713294741,0,21-40
23,Few,2,0.0254875667416237,0,21-40
23,Few,2,0.0254875667416237,0,21-40
23,Few,2,0.0254875667416237,0,21-40
24,Few,2,0.0287755220575035,0,21-40
24,Few,2,0.0287755220575035,0,21-40
24,Few,2,0.0287755220575035,0,21-40
25,Few,2,0.0324734972459357,0,21-40
25,Few,2,0.0324734972459357,0,21-40
25,Few,2,0.0324734972459357,0,21-40
26,Few,2,0.0366287805747658,0,21-40
26,Few,2,0.0366287805747658,0,21-40
26,Few,2,0.0366287805747658,0,21-40
27,Few,2,0.0412930779881765,1,21-40
27,Few,2,0.0412930779881765,0,21-40
27,Few,2,0.0412930779881765,0,21-40
28,Few,2,0.046522642823678,0,21-40
28,Few,2,0.046522642823678,0,21-40
28,Few,2,0.046522642823678,0,21-40
29,Few,2,0.0523783220252082,0,21-40
29,Few,2,0.0523783220252082,0,21-40
29,Few,2,0.0523783220252082,0,21-40
30,Few,2,0.0589254902922363,0,21-40
30,Few,2,0.0589254902922363,0,21-40
30,Few,2,0.0589254902922363,0,21-40
31,Few,2,0.0662338387737424,1,21-40
31,Few,2,0.0662338387737424,0,21-40
31,Few,2,0.0662338387737424,0,21-40
32,Few,2,0.0743769803320042,0,21-40
32,Few,2,0.0743769803320042,0,21-40
32,Few,2,0.0743769803320042,0,21-40
33,Few,2,0.083431829594516,1,21-40
33,Few,2,0.083431829594516,0,21-40
33,Few,2,0.083431829594516,0,21-40
34,Few,2,0.0934777137111635,0,21-40
34,Few,2,0.0934777137111635,0,21-40
34,Few,2,0.0934777137111635,0,21-40
35,Few,2,0.10459516987891,0,21-40
35,Few,2,0.10459516987891,0,21-40
35,Few,2,0.10459516987891,0,21-40
36,Few,2,0.116864389429695,1,21-40
36,Few,2,0.116864389429695,1,21-40
36,Few,2,0.116864389429695,0,21-40
37,Few,2,0.130363276886048,1,21-40
37,Few,2,0.130363276886048,0,21-40
37,Few,2,0.130363276886048,0,21-40
38,Few,2,0.145165107186432,0,21-40
38,Few,2,0.145165107186432,0,21-40
38,Few,2,0.145165107186432,0,21-40
39,Few,2,0.161335786408744,0,21-40
39,Few,2,0.161335786408744,0,21-40
39,Few,2,0.161335786408744,0,21-40
40,Few,2,0.178930751454433,0,21-40
40,Few,2,0.178930751454433,0,21-40
40,Few,2,0.178930751454433,0,21-40
41,Few,2,0.197991582145669,0,41-60
41,Few,2,0.197991582145669,1,41-60
41,Few,2,0.197991582145669,0,41-60
42,Few,2,0.21854244364189,0,41-60
42,Few,2,0.21854244364189,0,41-60
42,Few,2,0.21854244364189,0,41-60
43,Few,2,0.240586524993009,0,41-60
43,Few,2,0.240586524993009,0,41-60
43,Few,2,0.240586524993009,0,41-60
44,Few,2,0.264102686173711,0,41-60
44,Few,2,0.264102686173711,1,41-60
44,Few,2,0.264102686173711,1,41-60
45,Few,2,0.289042564494864,0,41-60
45,Few,2,0.289042564494864,0,41-60
45,Few,2,0.289042564494864,1,41-60
46,Few,2,0.315328414051639,1,41-60
46,Few,2,0.315328414051639,1,41-60
46,Few,2,0.315328414051639,0,41-60
47,Few,2,0.342851950871814,1,41-60
47,Few,2,0.342851950871814,0,41-60
47,Few,2,0.342851950871814,1,41-60
48,Few,2,0.371474445094554,0,41-60
48,Few,2,0.371474445094554,0,41-60
48,Few,2,0.371474445094554,1,41-60
49,Few,2,0.401028236480961,1,41-60
49,Few,2,0.401028236480961,1,41-60
49,Few,2,0.401028236480961,1,41-60
50,Few,2,0.431319752378713,0,41-60
50,Few,2,0.431319752378713,0,41-60
50,Few,2,0.431319752378713,0,41-60
51,Few,2,0.462133985399564,1,41-60
51,Few,2,0.462133985399564,0,41-60
51,Few,2,0.462133985399564,0,41-60
52,Few,2,0.493240254744007,1,41-60
52,Few,2,0.493240254744007,0,41-60
52,Few,2,0.493240254744007,1,41-60
53,Few,2,0.524398947691012,0,41-60
53,Few,2,0.524398947691012,1,41-60
53,Few,2,0.524398947691012,1,41-60
54,Few,2,0.555368834839711,1,41-60
54,Few,2,0.555368834839711,0,41-60
54,Few,2,0.555368834839711,1,41-60
55,Few,2,0.585914490356731,1,41-60
55,Few,2,0.585914490356731,1,41-60
55,Few,2,0.585914490356731,0,41-60
56,Few,2,0.615813336915953,1,41-60
56,Few,2,0.615813336915953,1,41-60
56,Few,2,0.615813336915953,1,41-60
57,Few,2,0.64486187613512,0,41-60
57,Few,2,0.64486187613512,1,41-60
57,Few,2,0.64486187613512,1,41-60
58,Few,2,0.672880752340755,1,41-60
58,Few,2,0.672880752340755,1,41-60
58,Few,2,0.672880752340755,1,41-60
59,Few,2,0.699718416515168,1,41-60
59,Few,2,0.699718416515168,1,41-60
59,Few,2,0.699718416515168,0,41-60
60,Few,2,0.725253290325118,1,41-60
60,Few,2,0.725253290325118,0,41-60
60,Few,2,0.725253290325118,1,41-60
61,Few,2,0.749394458885942,0,61-80
61,Few,2,0.749394458885942,1,61-80
61,Few,2,0.749394458885942,1,61-80
62,Few,2,0.772081030072224,1,61-80
62,Few,2,0.772081030072224,0,61-80
62,Few,2,0.772081030072224,1,61-80
63,Few,2,0.793280377681642,1,61-80
63,Few,2,0.793280377681642,0,61-80
63,Few,2,0.793280377681642,0,61-80
64,Few,2,0.812985531545191,1,61-80
64,Few,2,0.812985531545191,1,61-80
64,Few,2,0.812985531545191,1,61-80
65,Few,2,0.83121199116695,1,61-80
65,Few,2,0.83121199116695,1,61-80
65,Few,2,0.83121199116695,1,61-80
66,Few,2,0.847994226078903,1,61-80
66,Few,2,0.847994226078903,1,61-80
66,Few,2,0.847994226078903,1,61-80
67,Few,2,0.863382093391882,0,61-80
67,Few,2,0.863382093391882,1,61-80
67,Few,2,0.863382093391882,1,61-80
68,Few,2,0.877437359056067,1,61-80
68,Few,2,0.877437359056067,1,61-80
68,Few,2,0.877437359056067,1,61-80
69,Few,2,0.890230461330116,0,61-80
69,Few,2,0.890230461330116,1,61-80
69,Few,2,0.890230461330116,1,61-80
70,Few,2,0.9018376085305,1,61-80
70,Few,2,0.9018376085305,1,61-80
70,Few,2,0.9018376085305,1,61-80
71,Few,2,0.912338262081459,1,61-80
71,Few,2,0.912338262081459,1,61-80
71,Few,2,0.912338262081459,1,61-80
72,Few,2,0.921813022263365,1,61-80
72,Few,2,0.921813022263365,0,61-80
72,Few,2,0.921813022263365,1,61-80
73,Few,2,0.930341908502249,1,61-80
73,Few,2,0.930341908502249,1,61-80
73,Few,2,0.930341908502249,1,61-80
74,Few,2,0.93800300818817,1,61-80
74,Few,2,0.93800300818817,1,61-80
74,Few,2,0.93800300818817,1,61-80
75,Few,2,0.944871456874304,1,61-80
75,Few,2,0.944871456874304,1,61-80
75,Few,2,0.944871456874304,1,61-80
76,Few,2,0.951018707024173,1,61-80
76,Few,2,0.951018707024173,1,61-80
76,Few,2,0.951018707024173,1,61-80
77,Few,2,0.95651204092391,1,61-80
77,Few,2,0.95651204092391,1,61-80
77,Few,2,0.95651204092391,1,61-80
78,Few,2,0.961414284744815,1,61-80
78,Few,2,0.961414284744815,1,61-80
78,Few,2,0.961414284744815,1,61-80
79,Few,2,0.965783683997072,1,61-80
79,Few,2,0.965783683997072,1,61-80
79,Few,2,0.965783683997072,1,61-80
80,Few,2,0.969673904938485,1,61-80
80,Few,2,0.969673904938485,1,61-80
80,Few,2,0.969673904938485,1,61-80
81,Few,2,0.973134131279523,1,81-100
81,Few,2,0.973134131279523,1,81-100
81,Few,2,0.973134131279523,1,81-100
82,Few,2,0.976209230327084,1,81-100
82,Few,2,0.976209230327084,1,81-100
82,Few,2,0.976209230327084,1,81-100
83,Few,2,0.978939967253372,1,81-100
83,Few,2,0.978939967253372,1,81-100
83,Few,2,0.978939967253372,1,81-100
84,Few,2,0.981363250297933,1,81-100
84,Few,2,0.981363250297933,1,81-100
84,Few,2,0.981363250297933,1,81-100
85,Few,2,0.983512393330611,1,81-100
85,Few,2,0.983512393330611,1,81-100
85,Few,2,0.983512393330611,1,81-100
86,Few,2,0.985417385299871,1,81-100
86,Few,2,0.985417385299871,1,81-100
86,Few,2,0.985417385299871,1,81-100
87,Few,2,0.987105158682406,1,81-100
87,Few,2,0.987105158682406,1,81-100
87,Few,2,0.987105158682406,1,81-100
88,Few,2,0.988599851176688,1,81-100
88,Few,2,0.988599851176688,1,81-100
88,Few,2,0.988599851176688,1,81-100
89,Few,2,0.989923056597303,1,81-100
89,Few,2,0.989923056597303,1,81-100
89,Few,2,0.989923056597303,1,81-100
90,Few,2,0.991094062284776,1,81-100
90,Few,2,0.991094062284776,1,81-100
90,Few,2,0.991094062284776,1,81-100
91,Few,2,0.99213007140255,1,81-100
91,Few,2,0.99213007140255,1,81-100
91,Few,2,0.99213007140255,1,81-100
92,Few,2,0.993046409300071,1,81-100
92,Few,2,0.993046409300071,1,81-100
92,Few,2,0.993046409300071,1,81-100
93,Few,2,0.993856713724819,1,81-100
93,Few,2,0.993856713724819,1,81-100
93,Few,2,0.993856713724819,1,81-100
94,Few,2,0.99457310910631,1,81-100
94,Few,2,0.99457310910631,1,81-100
94,Few,2,0.99457310910631,1,81-100
95,Few,2,0.995206365445885,1,81-100
95,Few,2,0.995206365445885,1,81-100
95,Few,2,0.995206365445885,1,81-100
96,Few,2,0.995766042555568,1,81-100
96,Few,2,0.995766042555568,1,81-100
96,Few,2,0.995766042555568,1,81-100
97,Few,2,0.996260620520922,1,81-100
97,Few,2,0.996260620520922,1,81-100
97,Few,2,0.996260620520922,1,81-100
98,Few,2,0.996697617335493,1,81-100
98,Few,2,0.996697617335493,1,81-100
98,Few,2,0.996697617335493,1,81-100
99,Few,2,0.997083694683109,1,81-100
99,Few,2,0.997083694683109,1,81-100
99,Few,2,0.997083694683109,1,81-100
100,Few,2,0.99742475284116,1,81-100
100,Few,2,0.99742475284116,1,81-100
100,Few,2,0.99742475284116,1,81-100
1,Few,3,0.0177298097999354,0,1-20
1,Few,3,0.0177298097999354,0,1-20
1,Few,3,0.0177298097999354,0,1-20
2,Few,3,0.0192072686512431,0,1-20
2,Few,3,0.0192072686512431,0,1-20
2,Few,3,0.0192072686512431,0,1-20
3,Few,3,0.020805239200254,0,1-20
3,Few,3,0.020805239200254,0,1-20
3,Few,3,0.020805239200254,0,1-20
4,Few,3,0.0225331003977659,0,1-20
4,Few,3,0.0225331003977659,0,1-20
4,Few,3,0.0225331003977659,0,1-20
5,Few,3,0.0244008834440027,0,1-20
5,Few,3,0.0244008834440027,0,1-20
5,Few,3,0.0244008834440027,0,1-20
6,Few,3,0.0264193036431548,0,1-20
6,Few,3,0.0264193036431548,0,1-20
6,Few,3,0.0264193036431548,0,1-20
7,Few,3,0.0285997913256062,0,1-20
7,Few,3,0.0285997913256062,0,1-20
7,Few,3,0.0285997913256062,0,1-20
8,Few,3,0.0309545212497828,0,1-20
8,Few,3,0.0309545212497828,0,1-20
8,Few,3,0.0309545212497828,0,1-20
9,Few,3,0.0334964397885549,0,1-20
9,Few,3,0.0334964397885549,0,1-20
9,Few,3,0.0334964397885549,0,1-20
10,Few,3,0.0362392890865182,1,1-20
10,Few,3,0.0362392890865182,0,1-20
10,Few,3,0.0362392890865182,0,1-20
11,Few,3,0.0391976272444059,0,1-20
11,Few,3,0.0391976272444059,0,1-20
11,Few,3,0.0391976272444059,1,1-20
12,Few,3,0.0423868434459577,0,1-20
12,Few,3,0.0423868434459577,0,1-20
12,Few,3,0.0423868434459577,0,1-20
13,Few,3,0.0458231667920147,0,1-20
13,Few,3,0.0458231667920147,0,1-20
13,Few,3,0.0458231667920147,0,1-20
14,Few,3,0.0495236674484441,0,1-20
14,Few,3,0.0495236674484441,0,1-20
14,Few,3,0.0495236674484441,0,1-20
15,Few,3,0.0535062485516742,0,1-20
15,Few,3,0.0535062485516742,0,1-20
15,Few,3,0.0535062485516742,0,1-20
16,Few,3,0.0577896271523206,1,1-20
16,Few,3,0.0577896271523206,0,1-20
16,Few,3,0.0577896271523206,0,1-20
17,Few,3,0.0623933023191087,0,1-20
17,Few,3,0.0623933023191087,1,1-20
17,Few,3,0.0623933023191087,0,1-20
18,Few,3,0.0673375083792058,0,1-20
18,Few,3,0.0673375083792058,0,1-20
18,Few,3,0.0673375083792058,1,1-20
19,Few,3,0.0726431511460851,0,1-20
19,Few,3,0.0726431511460851,0,1-20
19,Few,3,0.0726431511460851,0,1-20
20,Few,3,0.078331724893058,0,1-20
20,Few,3,0.078331724893058,1,1-20
20,Few,3,0.078331724893058,1,1-20
21,Few,3,0.0844252077825652,0,21-40
21,Few,3,0.0844252077825652,0,21-40
21,Few,3,0.0844252077825652,0,21-40
22,Few,3,0.0909459334732169,1,21-40
22,Few,3,0.0909459334732169,0,21-40
22,Few,3,0.0909459334732169,0,21-40
23,Few,3,0.0979164367152741,0,21-40
23,Few,3,0.0979164367152741,0,21-40
23,Few,3,0.0979164367152741,0,21-40
24,Few,3,0.105359270929203,0,21-40
24,Few,3,0.105359270929203,0,21-40
24,Few,3,0.105359270929203,0,21-40
25,Few,3,0.113296796060423,0,21-40
25,Few,3,0.113296796060423,0,21-40
25,Few,3,0.113296796060423,0,21-40
26,Few,3,0.121750935435797,0,21-40
26,Few,3,0.121750935435797,0,21-40
26,Few,3,0.121750935435797,0,21-40
27,Few,3,0.130742900931887,0,21-40
27,Few,3,0.130742900931887,0,21-40
27,Few,3,0.130742900931887,0,21-40
28,Few,3,0.140292886516791,0,21-40
28,Few,3,0.140292886516791,0,21-40
28,Few,3,0.140292886516791,0,21-40
29,Few,3,0.150419731156907,0,21-40
29,Few,3,0.150419731156907,0,21-40
29,Few,3,0.150419731156907,0,21-40
30,Few,3,0.161140553190321,0,21-40
30,Few,3,0.161140553190321,0,21-40
30,Few,3,0.161140553190321,0,21-40
31,Few,3,0.172470359553226,0,21-40
31,Few,3,0.172470359553226,0,21-40
31,Few,3,0.172470359553226,0,21-40
32,Few,3,0.184421634685547,1,21-40
32,Few,3,0.184421634685547,0,21-40
32,Few,3,0.184421634685547,1,21-40
33,Few,3,0.197003915502952,0,21-40
33,Few,3,0.197003915502952,0,21-40
33,Few,3,0.197003915502952,0,21-40
34,Few,3,0.210223360453562,1,21-40
34,Few,3,0.210223360453562,0,21-40
34,Few,3,0.210223360453562,0,21-40
35,Few,3,0.224082322309994,0,21-40
35,Few,3,0.224082322309994,0,21-40
35,Few,3,0.224082322309994,0,21-40
36,Few,3,0.238578935894042,0,21-40
36,Few,3,0.238578935894042,0,21-40
36,Few,3,0.238578935894042,0,21-40
37,Few,3,0.253706733289558,0,21-40
37,Few,3,0.253706733289558,0,21-40
37,Few,3,0.253706733289558,0,21-40
38,Few,3,0.269454300154386,1,21-40
38,Few,3,0.269454300154386,0,21-40
38,Few,3,0.269454300154386,0,21-40
39,Few,3,0.285804987374487,0,21-40
39,Few,3,0.285804987374487,0,21-40
39,Few,3,0.285804987374487,0,21-40
40,Few,3,0.30273669239566,0,21-40
40,Few,3,0.30273669239566,0,21-40
40,Few,3,0.30273669239566,0,21-40
41,Few,3,0.320221724017384,1,41-60
41,Few,3,0.320221724017384,0,41-60
41,Few,3,0.320221724017384,1,41-60
42,Few,3,0.33822676316147,1,41-60
42,Few,3,0.33822676316147,0,41-60
42,Few,3,0.33822676316147,0,41-60
43,Few,3,0.356712930095146,0,41-60
43,Few,3,0.356712930095146,0,41-60
43,Few,3,0.356712930095146,0,41-60
44,Few,3,0.375635965801784,0,41-60
44,Few,3,0.375635965801784,0,41-60
44,Few,3,0.375635965801784,0,41-60
45,Few,3,0.394946531716596,0,41-60
45,Few,3,0.394946531716596,0,41-60
45,Few,3,0.394946531716596,1,41-60
46,Few,3,0.414590628002833,0,41-60
46,Few,3,0.414590628002833,0,41-60
46,Few,3,0.414590628002833,0,41-60
47,Few,3,0.434510126117281,1,41-60
47,Few,3,0.434510126117281,1,41-60
47,Few,3,0.434510126117281,0,41-60
48,Few,3,0.454643406832415,0,41-60
48,Few,3,0.454643406832415,0,41-60
48,Few,3,0.454643406832415,1,41-60
49,Few,3,0.474926090410901,1,41-60
49,Few,3,0.474926090410901,0,41-60
49,Few,3,0.474926090410901,0,41-60
50,Few,3,0.495291841545113,1,41-60
50,Few,3,0.495291841545113,0,41-60
50,Few,3,0.495291841545113,0,41-60
51,Few,3,0.5156732282497,1,41-60
51,Few,3,0.5156732282497,0,41-60
51,Few,3,0.5156732282497,0,41-60
52,Few,3,0.536002611364665,0,41-60
52,Few,3,0.536002611364665,1,41-60
52,Few,3,0.536002611364665,0,41-60
53,Few,3,0.556213039869436,1,41-60
53,Few,3,0.556213039869436,0,41-60
53,Few,3,0.556213039869436,1,41-60
54,Few,3,0.576239126930135,1,41-60
54,Few,3,0.576239126930135,1,41-60
54,Few,3,0.576239126930135,1,41-60
55,Few,3,0.59601788252283,1,41-60
55,Few,3,0.59601788252283,0,41-60
55,Few,3,0.59601788252283,1,41-60
56,Few,3,0.615489480528433,1,41-60
56,Few,3,0.615489480528433,1,41-60
56,Few,3,0.615489480528433,1,41-60
57,Few,3,0.634597941232893,0,41-60
57,Few,3,0.634597941232893,1,41-60
57,Few,3,0.634597941232893,1,41-60
58,Few,3,0.653291713977309,1,41-60
58,Few,3,0.653291713977309,1,41-60
58,Few,3,0.653291713977309,1,41-60
59,Few,3,0.671524149029398,0,41-60
59,Few,3,0.671524149029398,0,41-60
59,Few,3,0.671524149029398,0,41-60
60,Few,3,0.689253852312759,1,41-60
60,Few,3,0.689253852312759,1,41-60
60,Few,3,0.689253852312759,1,41-60
61,Few,3,0.706444921159643,1,61-80
61,Few,3,0.706444921159643,1,61-80
61,Few,3,0.706444921159643,0,61-80
62,Few,3,0.723067063498313,1,61-80
62,Few,3,0.723067063498313,1,61-80
62,Few,3,0.723067063498313,1,61-80
63,Few,3,0.739095606642276,1,61-80
63,Few,3,0.739095606642276,0,61-80
63,Few,3,0.739095606642276,1,61-80
64,Few,3,0.754511404965091,1,61-80
64,Few,3,0.754511404965091,1,61-80
64,Few,3,0.754511404965091,1,61-80
65,Few,3,0.769300658129733,1,61-80
65,Few,3,0.769300658129733,1,61-80
65,Few,3,0.769300658129733,1,61-80
66,Few,3,0.783454653162596,1,61-80
66,Few,3,0.783454653162596,1,61-80
66,Few,3,0.783454653162596,0,61-80
67,Few,3,0.796969444538487,1,61-80
67,Few,3,0.796969444538487,1,61-80
67,Few,3,0.796969444538487,1,61-80
68,Few,3,0.80984548663615,1,61-80
68,Few,3,0.80984548663615,0,61-80
68,Few,3,0.80984548663615,1,61-80
69,Few,3,0.822087232527077,1,61-80
69,Few,3,0.822087232527077,1,61-80
69,Few,3,0.822087232527077,1,61-80
70,Few,3,0.833702712185489,1,61-80
70,Few,3,0.833702712185489,1,61-80
70,Few,3,0.833702712185489,1,61-80
71,Few,3,0.844703101974305,1,61-80
71,Few,3,0.844703101974305,1,61-80
71,Few,3,0.844703101974305,1,61-80
72,Few,3,0.855102295788665,1,61-80
72,Few,3,0.855102295788665,1,61-80
72,Few,3,0.855102295788665,1,61-80
73,Few,3,0.864916486634021,0,61-80
73,Few,3,0.864916486634021,1,61-80
73,Few,3,0.864916486634021,1,61-80
74,Few,3,0.874163765774399,1,61-80
74,Few,3,0.874163765774399,1,61-80
74,Few,3,0.874163765774399,1,61-80
75,Few,3,0.882863744985678,1,61-80
75,Few,3,0.882863744985678,1,61-80
75,Few,3,0.882863744985678,1,61-80
76,Few,3,0.891037205947714,1,61-80
76,Few,3,0.891037205947714,1,61-80
76,Few,3,0.891037205947714,0,61-80
77,Few,3,0.898705779449587,1,61-80
77,Few,3,0.898705779449587,1,61-80
77,Few,3,0.898705779449587,1,61-80
78,Few,3,0.905891655889867,0,61-80
78,Few,3,0.905891655889867,0,61-80
78,Few,3,0.905891655889867,1,61-80
79,Few,3,0.912617327540579,1,61-80
79,Few,3,0.912617327540579,1,61-80
79,Few,3,0.912617327540579,1,61-80
80,Few,3,0.918905362210577,1,61-80
80,Few,3,0.918905362210577,1,61-80
80,Few,3,0.918905362210577,1,61-80
81,Few,3,0.924778207283954,1,81-100
81,Few,3,0.924778207283954,1,81-100
81,Few,3,0.924778207283954,1,81-100
82,Few,3,0.93025802260854,1,81-100
82,Few,3,0.93025802260854,1,81-100
82,Few,3,0.93025802260854,1,81-100
83,Few,3,0.935366540351579,1,81-100
83,Few,3,0.935366540351579,1,81-100
83,Few,3,0.935366540351579,1,81-100
84,Few,3,0.940124949705248,1,81-100
84,Few,3,0.940124949705248,1,81-100
84,Few,3,0.940124949705248,1,81-100
85,Few,3,0.944553804194344,1,81-100
85,Few,3,0.944553804194344,1,81-100
85,Few,3,0.944553804194344,1,81-100
86,Few,3,0.948672949293304,1,81-100
86,Few,3,0.948672949293304,1,81-100
86,Few,3,0.948672949293304,1,81-100
87,Few,3,0.95250146808204,1,81-100
87,Few,3,0.95250146808204,1,81-100
87,Few,3,0.95250146808204,1,81-100
88,Few,3,0.956057642744071,1,81-100
88,Few,3,0.956057642744071,1,81-100
88,Few,3,0.956057642744071,1,81-100
89,Few,3,0.959358929822075,1,81-100
89,Few,3,0.959358929822075,1,81-100
89,Few,3,0.959358929822075,1,81-100
90,Few,3,0.962421947283588,1,81-100
90,Few,3,0.962421947283588,1,81-100
90,Few,3,0.962421947283588,1,81-100
91,Few,3,0.965262471603205,1,81-100
91,Few,3,0.965262471603205,1,81-100
91,Few,3,0.965262471603205,1,81-100
92,Few,3,0.967895443229387,1,81-100
92,Few,3,0.967895443229387,1,81-100
92,Few,3,0.967895443229387,1,81-100
93,Few,3,0.970334978967641,1,81-100
93,Few,3,0.970334978967641,1,81-100
93,Few,3,0.970334978967641,1,81-100
94,Few,3,0.972594389972559,1,81-100
94,Few,3,0.972594389972559,1,81-100
94,Few,3,0.972594389972559,1,81-100
95,Few,3,0.974686204195611,1,81-100
95,Few,3,0.974686204195611,1,81-100
95,Few,3,0.974686204195611,1,81-100
96,Few,3,0.976622192281126,1,81-100
96,Few,3,0.976622192281126,1,81-100
96,Few,3,0.976622192281126,1,81-100
97,Few,3,0.978413396038123,1,81-100
97,Few,3,0.978413396038123,1,81-100
97,Few,3,0.978413396038123,1,81-100
98,Few,3,0.980070158739561,1,81-100
98,Few,3,0.980070158739561,1,81-100
98,Few,3,0.980070158739561,1,81-100
99,Few,3,0.981602156612979,1,81-100
99,Few,3,0.981602156612979,1,81-100
99,Few,3,0.981602156612979,1,81-100
100,Few,3,0.983018430987278,1,81-100
100,Few,3,0.983018430987278,1,81-100
100,Few,3,0.983018430987278,1,81-100
1,Few,4,2.22044604925031e-16,0,1-20
1,Few,4,2.22044604925031e-16,0,1-20
1,Few,4,2.22044604925031e-16,0,1-20
2,Few,4,2.22044604925031e-16,0,1-20
2,Few,4,2.22044604925031e-16,0,1-20
2,Few,4,2.22044604925031e-16,0,1-20
3,Few,4,2.22044604925031e-16,0,1-20
3,Few,4,2.22044604925031e-16,0,1-20
3,Few,4,2.22044604925031e-16,0,1-20
4,Few,4,2.22044604925031e-16,0,1-20
4,Few,4,2.22044604925031e-16,0,1-20
4,Few,4,2.22044604925031e-16,0,1-20
5,Few,4,2.22044604925031e-16,0,1-20
5,Few,4,2.22044604925031e-16,0,1-20
5,Few,4,2.22044604925031e-16,0,1-20
6,Few,4,2.22044604925031e-16,0,1-20
6,Few,4,2.22044604925031e-16,0,1-20
6,Few,4,2.22044604925031e-16,0,1-20
7,Few,4,2.22044604925031e-16,0,1-20
7,Few,4,2.22044604925031e-16,0,1-20
7,Few,4,2.22044604925031e-16,0,1-20
8,Few,4,2.22044604925031e-16,0,1-20
8,Few,4,2.22044604925031e-16,0,1-20
8,Few,4,2.22044604925031e-16,0,1-20
9,Few,4,2.22044604925031e-16,0,1-20
9,Few,4,2.22044604925031e-16,0,1-20
9,Few,4,2.22044604925031e-16,0,1-20
10,Few,4,2.22044604925031e-16,0,1-20
10,Few,4,2.22044604925031e-16,0,1-20
10,Few,4,2.22044604925031e-16,0,1-20
11,Few,4,2.22044604925031e-16,0,1-20
11,Few,4,2.22044604925031e-16,0,1-20
11,Few,4,2.22044604925031e-16,0,1-20
12,Few,4,2.22044604925031e-16,0,1-20
12,Few,4,2.22044604925031e-16,0,1-20
12,Few,4,2.22044604925031e-16,0,1-20
13,Few,4,2.22044604925031e-16,0,1-20
13,Few,4,2.22044604925031e-16,0,1-20
13,Few,4,2.22044604925031e-16,0,1-20
14,Few,4,2.22044604925031e-16,0,1-20
14,Few,4,2.22044604925031e-16,0,1-20
14,Few,4,2.22044604925031e-16,0,1-20
15,Few,4,2.22044604925031e-16,0,1-20
15,Few,4,2.22044604925031e-16,0,1-20
15,Few,4,2.22044604925031e-16,0,1-20
16,Few,4,2.22044604925031e-16,0,1-20
16,Few,4,2.22044604925031e-16,0,1-20
16,Few,4,2.22044604925031e-16,0,1-20
17,Few,4,2.22044604925031e-16,0,1-20
17,Few,4,2.22044604925031e-16,0,1-20
17,Few,4,2.22044604925031e-16,0,1-20
18,Few,4,2.22044604925031e-16,0,1-20
18,Few,4,2.22044604925031e-16,0,1-20
18,Few,4,2.22044604925031e-16,0,1-20
19,Few,4,2.22044604925031e-16,0,1-20
19,Few,4,2.22044604925031e-16,0,1-20
19,Few,4,2.22044604925031e-16,0,1-20
20,Few,4,2.22044604925031e-16,0,1-20
20,Few,4,2.22044604925031e-16,0,1-20
20,Few,4,2.22044604925031e-16,0,1-20
21,Few,4,2.22044604925031e-16,0,21-40
21,Few,4,2.22044604925031e-16,0,21-40
21,Few,4,2.22044604925031e-16,0,21-40
22,Few,4,2.22044604925031e-16,0,21-40
22,Few,4,2.22044604925031e-16,0,21-40
22,Few,4,2.22044604925031e-16,0,21-40
23,Few,4,2.22044604925031e-16,0,21-40
23,Few,4,2.22044604925031e-16,0,21-40
23,Few,4,2.22044604925031e-16,0,21-40
24,Few,4,2.22044604925031e-16,0,21-40
24,Few,4,2.22044604925031e-16,0,21-40
24,Few,4,2.22044604925031e-16,0,21-40
25,Few,4,2.22044604925031e-16,0,21-40
25,Few,4,2.22044604925031e-16,0,21-40
25,Few,4,2.22044604925031e-16,0,21-40
26,Few,4,2.22044604925031e-16,0,21-40
26,Few,4,2.22044604925031e-16,0,21-40
26,Few,4,2.22044604925031e-16,0,21-40
27,Few,4,2.22044604925031e-16,0,21-40
27,Few,4,2.22044604925031e-16,0,21-40
27,Few,4,2.22044604925031e-16,0,21-40
28,Few,4,2.22044604925031e-16,0,21-40
28,Few,4,2.22044604925031e-16,0,21-40
28,Few,4,2.22044604925031e-16,0,21-40
29,Few,4,2.22044604925031e-16,0,21-40
29,Few,4,2.22044604925031e-16,0,21-40
29,Few,4,2.22044604925031e-16,0,21-40
30,Few,4,2.22044604925031e-16,0,21-40
30,Few,4,2.22044604925031e-16,0,21-40
30,Few,4,2.22044604925031e-16,0,21-40
31,Few,4,2.22044604925031e-16,0,21-40
31,Few,4,2.22044604925031e-16,0,21-40
31,Few,4,2.22044604925031e-16,0,21-40
32,Few,4,2.22044604925031e-16,0,21-40
32,Few,4,2.22044604925031e-16,0,21-40
32,Few,4,2.22044604925031e-16,0,21-40
33,Few,4,2.22044604925031e-16,0,21-40
33,Few,4,2.22044604925031e-16,0,21-40
33,Few,4,2.22044604925031e-16,0,21-40
34,Few,4,2.22044604925031e-16,0,21-40
34,Few,4,2.22044604925031e-16,0,21-40
34,Few,4,2.22044604925031e-16,0,21-40
35,Few,4,2.22044604925031e-16,0,21-40
35,Few,4,2.22044604925031e-16,0,21-40
35,Few,4,2.22044604925031e-16,0,21-40
36,Few,4,2.22044604925031e-16,0,21-40
36,Few,4,2.22044604925031e-16,0,21-40
36,Few,4,2.22044604925031e-16,0,21-40
37,Few,4,2.22044604925031e-16,0,21-40
37,Few,4,2.22044604925031e-16,0,21-40
37,Few,4,2.22044604925031e-16,0,21-40
38,Few,4,3.28173631907214e-13,0,21-40
38,Few,4,3.28173631907214e-13,0,21-40
38,Few,4,3.28173631907214e-13,0,21-40
39,Few,4,3.67640982750104e-12,0,21-40
39,Few,4,3.67640982750104e-12,0,21-40
39,Few,4,3.67640982750104e-12,0,21-40
40,Few,4,4.1185482028934e-11,0,21-40
40,Few,4,4.1185482028934e-11,0,21-40
40,Few,4,4.1185482028934e-11,0,21-40
41,Few,4,4.6138597406032e-10,0,41-60
41,Few,4,4.6138597406032e-10,0,41-60
41,Few,4,4.6138597406032e-10,0,41-60
42,Few,4,5.16873921731455e-09,0,41-60
42,Few,4,5.16873921731455e-09,0,41-60
42,Few,4,5.16873921731455e-09,0,41-60
43,Few,4,5.79035023072e-08,0,41-60
43,Few,4,5.79035023072e-08,0,41-60
43,Few,4,5.79035023072e-08,0,41-60
44,Few,4,6.48671491160181e-07,0,41-60
44,Few,4,6.48671491160181e-07,0,41-60
44,Few,4,6.48671491160181e-07,0,41-60
45,Few,4,7.26678267326185e-06,0,41-60
45,Few,4,7.26678267326185e-06,0,41-60
45,Few,4,7.26678267326185e-06,0,41-60
46,Few,4,8.1401087945473e-05,0,41-60
46,Few,4,8.1401087945473e-05,0,41-60
46,Few,4,8.1401087945473e-05,0,41-60
47,Few,4,0.000911150063892871,0,41-60
47,Few,4,0.000911150063892871,0,41-60
47,Few,4,0.000911150063892871,0,41-60
48,Few,4,0.0101132684562868,0,41-60
48,Few,4,0.0101132684562868,0,41-60
48,Few,4,0.0101132684562868,0,41-60
49,Few,4,0.102698619037561,0,41-60
49,Few,4,0.102698619037561,0,41-60
49,Few,4,0.102698619037561,0,41-60
50,Few,4,0.561821053309312,1,41-60
50,Few,4,0.561821053309312,1,41-60
50,Few,4,0.561821053309312,1,41-60
51,Few,4,0.93491156987667,1,41-60
51,Few,4,0.93491156987667,1,41-60
51,Few,4,0.93491156987667,1,41-60
52,Few,4,0.993823784884317,1,41-60
52,Few,4,0.993823784884317,1,41-60
52,Few,4,0.993823784884317,1,41-60
53,Few,4,0.99944556334196,1,41-60
53,Few,4,0.99944556334196,1,41-60
53,Few,4,0.99944556334196,1,41-60
54,Few,4,0.99995048337313,1,41-60
54,Few,4,0.99995048337313,1,41-60
54,Few,4,0.99995048337313,1,41-60
55,Few,4,0.999995579713662,1,41-60
55,Few,4,0.999995579713662,1,41-60
55,Few,4,0.999995579713662,1,41-60
56,Few,4,0.999999605422864,1,41-60
56,Few,4,0.999999605422864,1,41-60
56,Few,4,0.999999605422864,1,41-60
57,Few,4,0.999999964778176,1,41-60
57,Few,4,0.999999964778176,1,41-60
57,Few,4,0.999999964778176,1,41-60
58,Few,4,0.999999996855934,1,41-60
58,Few,4,0.999999996855934,1,41-60
58,Few,4,0.999999996855934,1,41-60
59,Few,4,0.999999999719346,1,41-60
59,Few,4,0.999999999719346,1,41-60
59,Few,4,0.999999999719346,1,41-60
60,Few,4,0.999999999974947,1,41-60
60,Few,4,0.999999999974947,1,41-60
60,Few,4,0.999999999974947,1,41-60
61,Few,4,0.999999999997764,1,61-80
61,Few,4,0.999999999997764,1,61-80
61,Few,4,0.999999999997764,1,61-80
62,Few,4,0.9999999999998,1,61-80
62,Few,4,0.9999999999998,1,61-80
62,Few,4,0.9999999999998,1,61-80
63,Few,4,1,1,61-80
63,Few,4,1,1,61-80
63,Few,4,1,1,61-80
64,Few,4,1,1,61-80
64,Few,4,1,1,61-80
64,Few,4,1,1,61-80
65,Few,4,1,1,61-80
65,Few,4,1,1,61-80
65,Few,4,1,1,61-80
66,Few,4,1,1,61-80
66,Few,4,1,1,61-80
66,Few,4,1,1,61-80
67,Few,4,1,1,61-80
67,Few,4,1,1,61-80
67,Few,4,1,1,61-80
68,Few,4,1,1,61-80
68,Few,4,1,1,61-80
68,Few,4,1,1,61-80
69,Few,4,1,1,61-80
69,Few,4,1,1,61-80
69,Few,4,1,1,61-80
70,Few,4,1,1,61-80
70,Few,4,1,1,61-80
70,Few,4,1,1,61-80
71,Few,4,1,1,61-80
71,Few,4,1,1,61-80
71,Few,4,1,1,61-80
72,Few,4,1,1,61-80
72,Few,4,1,1,61-80
72,Few,4,1,1,61-80
73,Few,4,1,1,61-80
73,Few,4,1,1,61-80
73,Few,4,1,1,61-80
74,Few,4,1,1,61-80
74,Few,4,1,1,61-80
74,Few,4,1,1,61-80
75,Few,4,1,1,61-80
75,Few,4,1,1,61-80
75,Few,4,1,1,61-80
76,Few,4,1,1,61-80
76,Few,4,1,1,61-80
76,Few,4,1,1,61-80
77,Few,4,1,1,61-80
77,Few,4,1,1,61-80
77,Few,4,1,1,61-80
78,Few,4,1,1,61-80
78,Few,4,1,1,61-80
78,Few,4,1,1,61-80
79,Few,4,1,1,61-80
79,Few,4,1,1,61-80
79,Few,4,1,1,61-80
80,Few,4,1,1,61-80
80,Few,4,1,1,61-80
80,Few,4,1,1,61-80
81,Few,4,1,1,81-100
81,Few,4,1,1,81-100
81,Few,4,1,1,81-100
82,Few,4,1,1,81-100
82,Few,4,1,1,81-100
82,Few,4,1,1,81-100
83,Few,4,1,1,81-100
83,Few,4,1,1,81-100
83,Few,4,1,1,81-100
84,Few,4,1,1,81-100
84,Few,4,1,1,81-100
84,Few,4,1,1,81-100
85,Few,4,1,1,81-100
85,Few,4,1,1,81-100
85,Few,4,1,1,81-100
86,Few,4,1,1,81-100
86,Few,4,1,1,81-100
86,Few,4,1,1,81-100
87,Few,4,1,1,81-100
87,Few,4,1,1,81-100
87,Few,4,1,1,81-100
88,Few,4,1,1,81-100
88,Few,4,1,1,81-100
88,Few,4,1,1,81-100
89,Few,4,1,1,81-100
89,Few,4,1,1,81-100
89,Few,4,1,1,81-100
90,Few,4,1,1,81-100
90,Few,4,1,1,81-100
90,Few,4,1,1,81-100
91,Few,4,1,1,81-100
91,Few,4,1,1,81-100
91,Few,4,1,1,81-100
92,Few,4,1,1,81-100
92,Few,4,1,1,81-100
92,Few,4,1,1,81-100
93,Few,4,1,1,81-100
93,Few,4,1,1,81-100
93,Few,4,1,1,81-100
94,Few,4,1,1,81-100
94,Few,4,1,1,81-100
94,Few,4,1,1,81-100
95,Few,4,1,1,81-100
95,Few,4,1,1,81-100
95,Few,4,1,1,81-100
96,Few,4,1,1,81-100
96,Few,4,1,1,81-100
96,Few,4,1,1,81-100
97,Few,4,1,1,81-100
97,Few,4,1,1,81-100
97,Few,4,1,1,81-100
98,Few,4,1,1,81-100
98,Few,4,1,1,81-100
98,Few,4,1,1,81-100
99,Few,4,1,1,81-100
99,Few,4,1,1,81-100
99,Few,4,1,1,81-100
100,Few,4,1,1,81-100
100,Few,4,1,1,81-100
100,Few,4,1,1,81-100
1,Few,5,0.00349817991281506,0,1-20
1,Few,5,0.00349817991281506,0,1-20
1,Few,5,0.00349817991281506,0,1-20
2,Few,5,0.00390559074314409,0,1-20
2,Few,5,0.00390559074314409,0,1-20
2,Few,5,0.00390559074314409,0,1-20
3,Few,5,0.00436024251575872,0,1-20
3,Few,5,0.00436024251575872,0,1-20
3,Few,5,0.00436024251575872,0,1-20
4,Few,5,0.0048675618968524,0,1-20
4,Few,5,0.0048675618968524,0,1-20
4,Few,5,0.0048675618968524,0,1-20
5,Few,5,0.0054335863547886,0,1-20
5,Few,5,0.0054335863547886,0,1-20
5,Few,5,0.0054335863547886,0,1-20
6,Few,5,0.00606502981560834,0,1-20
6,Few,5,0.00606502981560834,0,1-20
6,Few,5,0.00606502981560834,0,1-20
7,Few,5,0.00676935460926204,0,1-20
7,Few,5,0.00676935460926204,0,1-20
7,Few,5,0.00676935460926204,0,1-20
8,Few,5,0.00755485011446172,0,1-20
8,Few,5,0.00755485011446172,0,1-20
8,Few,5,0.00755485011446172,0,1-20
9,Few,5,0.0084307184825306,0,1-20
9,Few,5,0.0084307184825306,0,1-20
9,Few,5,0.0084307184825306,0,1-20
10,Few,5,0.00940716777349609,0,1-20
10,Few,5,0.00940716777349609,0,1-20
10,Few,5,0.00940716777349609,0,1-20
11,Few,5,0.010495512765405,0,1-20
11,Few,5,0.010495512765405,0,1-20
11,Few,5,0.010495512765405,0,1-20
12,Few,5,0.011708283593761,0,1-20
12,Few,5,0.011708283593761,0,1-20
12,Few,5,0.011708283593761,0,1-20
13,Few,5,0.0130593422341184,0,1-20
13,Few,5,0.0130593422341184,0,1-20
13,Few,5,0.0130593422341184,0,1-20
14,Few,5,0.0145640066477916,0,1-20
14,Few,5,0.0145640066477916,0,1-20
14,Few,5,0.0145640066477916,0,1-20
15,Few,5,0.0162391821573626,0,1-20
15,Few,5,0.0162391821573626,0,1-20
15,Few,5,0.0162391821573626,0,1-20
16,Few,5,0.0181034992925888,0,1-20
16,Few,5,0.0181034992925888,0,1-20
16,Few,5,0.0181034992925888,0,1-20
17,Few,5,0.020177456934208,0,1-20
17,Few,5,0.020177456934208,0,1-20
17,Few,5,0.020177456934208,0,1-20
18,Few,5,0.0224835690673912,0,1-20
18,Few,5,0.0224835690673912,0,1-20
18,Few,5,0.0224835690673912,0,1-20
19,Few,5,0.0250465128215213,0,1-20
19,Few,5,0.0250465128215213,0,1-20
19,Few,5,0.0250465128215213,0,1-20
20,Few,5,0.0278932747015457,0,1-20
20,Few,5,0.0278932747015457,1,1-20
20,Few,5,0.0278932747015457,0,1-20
21,Few,5,0.0310532909920482,0,21-40
21,Few,5,0.0310532909920482,0,21-40
21,Few,5,0.0310532909920482,0,21-40
22,Few,5,0.0345585772244251,0,21-40
22,Few,5,0.0345585772244251,0,21-40
22,Few,5,0.0345585772244251,0,21-40
23,Few,5,0.0384438403308039,0,21-40
23,Few,5,0.0384438403308039,0,21-40
23,Few,5,0.0384438403308039,0,21-40
24,Few,5,0.0427465656640692,0,21-40
24,Few,5,0.0427465656640692,0,21-40
24,Few,5,0.0427465656640692,0,21-40
25,Few,5,0.0475070694519632,0,21-40
25,Few,5,0.0475070694519632,0,21-40
25,Few,5,0.0475070694519632,0,21-40
26,Few,5,0.0527685055023047,0,21-40
26,Few,5,0.0527685055023047,0,21-40
26,Few,5,0.0527685055023047,0,21-40
27,Few,5,0.0585768131371239,0,21-40
27,Few,5,0.0585768131371239,0,21-40
27,Few,5,0.0585768131371239,0,21-40
28,Few,5,0.0649805914881418,0,21-40
28,Few,5,0.0649805914881418,0,21-40
28,Few,5,0.0649805914881418,1,21-40
29,Few,5,0.072030883555806,0,21-40
29,Few,5,0.072030883555806,0,21-40
29,Few,5,0.072030883555806,0,21-40
30,Few,5,0.0797808519873584,0,21-40
30,Few,5,0.0797808519873584,0,21-40
30,Few,5,0.0797808519873584,0,21-40
31,Few,5,0.088285327588247,0,21-40
31,Few,5,0.088285327588247,1,21-40
31,Few,5,0.088285327588247,1,21-40
32,Few,5,0.0976002114250494,0,21-40
32,Few,5,0.0976002114250494,0,21-40
32,Few,5,0.0976002114250494,0,21-40
33,Few,5,0.10778171234182,0,21-40
33,Few,5,0.10778171234182,0,21-40
33,Few,5,0.10778171234182,0,21-40
34,Few,5,0.118885404174954,1,21-40
34,Few,5,0.118885404174954,0,21-40
34,Few,5,0.118885404174954,0,21-40
35,Few,5,0.130965091315574,0,21-40
35,Few,5,0.130965091315574,0,21-40
35,Few,5,0.130965091315574,0,21-40
36,Few,5,0.144071477917183,0,21-40
36,Few,5,0.144071477917183,0,21-40
36,Few,5,0.144071477917183,0,21-40
37,Few,5,0.158250645289576,0,21-40
37,Few,5,0.158250645289576,0,21-40
37,Few,5,0.158250645289576,1,21-40
38,Few,5,0.173542354016557,1,21-40
38,Few,5,0.173542354016557,1,21-40
38,Few,5,0.173542354016557,0,21-40
39,Few,5,0.18997820200078,0,21-40
39,Few,5,0.18997820200078,0,21-40
39,Few,5,0.18997820200078,0,21-40
40,Few,5,0.207579686548002,0,21-40
40,Few,5,0.207579686548002,0,21-40
40,Few,5,0.207579686548002,0,21-40
41,Few,5,0.226356236896701,0,41-60
41,Few,5,0.226356236896701,0,41-60
41,Few,5,0.226356236896701,0,41-60
42,Few,5,0.246303301927207,0,41-60
42,Few,5,0.246303301927207,0,41-60
42,Few,5,0.246303301927207,0,41-60
43,Few,5,0.267400594304994,1,41-60
43,Few,5,0.267400594304994,0,41-60
43,Few,5,0.267400594304994,1,41-60
44,Few,5,0.289610604779354,0,41-60
44,Few,5,0.289610604779354,1,41-60
44,Few,5,0.289610604779354,1,41-60
45,Few,5,0.312877506317977,1,41-60
45,Few,5,0.312877506317977,1,41-60
45,Few,5,0.312877506317977,1,41-60
46,Few,5,0.337126564862083,0,41-60
46,Few,5,0.337126564862083,0,41-60
46,Few,5,0.337126564862083,0,41-60
47,Few,5,0.362264159898605,1,41-60
47,Few,5,0.362264159898605,0,41-60
47,Few,5,0.362264159898605,0,41-60
48,Few,5,0.388178492884176,1,41-60
48,Few,5,0.388178492884176,0,41-60
48,Few,5,0.388178492884176,0,41-60
49,Few,5,0.414741025292818,0,41-60
49,Few,5,0.414741025292818,0,41-60
49,Few,5,0.414741025292818,0,41-60
50,Few,5,0.441808642769857,0,41-60
50,Few,5,0.441808642769857,0,41-60
50,Few,5,0.441808642769857,0,41-60
51,Few,5,0.469226491234866,1,41-60
51,Few,5,0.469226491234866,0,41-60
51,Few,5,0.469226491234866,0,41-60
52,Few,5,0.496831379754196,0,41-60
52,Few,5,0.496831379754196,0,41-60
52,Few,5,0.496831379754196,0,41-60
53,Few,5,0.524455599243014,1,41-60
53,Few,5,0.524455599243014,0,41-60
53,Few,5,0.524455599243014,1,41-60
54,Few,5,0.551930971041609,1,41-60
54,Few,5,0.551930971041609,1,41-60
54,Few,5,0.551930971041609,1,41-60
55,Few,5,0.57909291956244,0,41-60
55,Few,5,0.57909291956244,1,41-60
55,Few,5,0.57909291956244,0,41-60
56,Few,5,0.605784361106407,0,41-60
56,Few,5,0.605784361106407,0,41-60
56,Few,5,0.605784361106407,0,41-60
57,Few,5,0.631859216875397,1,41-60
57,Few,5,0.631859216875397,0,41-60
57,Few,5,0.631859216875397,0,41-60
58,Few,5,0.657185390081127,0,41-60
58,Few,5,0.657185390081127,1,41-60
58,Few,5,0.657185390081127,1,41-60
59,Few,5,0.681647090807808,0,41-60
59,Few,5,0.681647090807808,1,41-60
59,Few,5,0.681647090807808,1,41-60
60,Few,5,0.705146442609466,1,41-60
60,Few,5,0.705146442609466,0,41-60
60,Few,5,0.705146442609466,1,41-60
61,Few,5,0.727604356025424,1,61-80
61,Few,5,0.727604356025424,1,61-80
61,Few,5,0.727604356025424,1,61-80
62,Few,5,0.74896070109218,1,61-80
62,Few,5,0.74896070109218,1,61-80
62,Few,5,0.74896070109218,0,61-80
63,Few,5,0.769173849505447,0,61-80
63,Few,5,0.769173849505447,1,61-80
63,Few,5,0.769173849505447,1,61-80
64,Few,5,0.788219684890091,1,61-80
64,Few,5,0.788219684890091,1,61-80
64,Few,5,0.788219684890091,1,61-80
65,Few,5,0.806090195842495,1,61-80
65,Few,5,0.806090195842495,1,61-80
65,Few,5,0.806090195842495,1,61-80
66,Few,5,0.822791771622207,0,61-80
66,Few,5,0.822791771622207,1,61-80
66,Few,5,0.822791771622207,1,61-80
67,Few,5,0.838343316244472,1,61-80
67,Few,5,0.838343316244472,0,61-80
67,Few,5,0.838343316244472,1,61-80
68,Few,5,0.852774285531759,1,61-80
68,Few,5,0.852774285531759,1,61-80
68,Few,5,0.852774285531759,1,61-80
69,Few,5,0.866122735881333,1,61-80
69,Few,5,0.866122735881333,1,61-80
69,Few,5,0.866122735881333,1,61-80
70,Few,5,0.878433455412578,1,61-80
70,Few,5,0.878433455412578,1,61-80
70,Few,5,0.878433455412578,1,61-80
71,Few,5,0.889756229718611,1,61-80
71,Few,5,0.889756229718611,0,61-80
71,Few,5,0.889756229718611,1,61-80
72,Few,5,0.900144277127282,1,61-80
72,Few,5,0.900144277127282,1,61-80
72,Few,5,0.900144277127282,1,61-80
73,Few,5,0.909652873144628,0,61-80
73,Few,5,0.909652873144628,1,61-80
73,Few,5,0.909652873144628,1,61-80
74,Few,5,0.918338171127209,1,61-80
74,Few,5,0.918338171127209,1,61-80
74,Few,5,0.918338171127209,1,61-80
75,Few,5,0.926256216362046,1,61-80
75,Few,5,0.926256216362046,1,61-80
75,Few,5,0.926256216362046,1,61-80
76,Few,5,0.933462143512678,1,61-80
76,Few,5,0.933462143512678,1,61-80
76,Few,5,0.933462143512678,1,61-80
77,Few,5,0.940009542534377,1,61-80
77,Few,5,0.940009542534377,1,61-80
77,Few,5,0.940009542534377,1,61-80
78,Few,5,0.945949975298261,1,61-80
78,Few,5,0.945949975298261,1,61-80
78,Few,5,0.945949975298261,1,61-80
79,Few,5,0.951332623891326,0,61-80
79,Few,5,0.951332623891326,1,61-80
79,Few,5,0.951332623891326,1,61-80
80,Few,5,0.956204051490284,1,61-80
80,Few,5,0.956204051490284,1,61-80
80,Few,5,0.956204051490284,1,61-80
81,Few,5,0.960608057495066,1,81-100
81,Few,5,0.960608057495066,1,81-100
81,Few,5,0.960608057495066,1,81-100
82,Few,5,0.964585609960351,1,81-100
82,Few,5,0.964585609960351,1,81-100
82,Few,5,0.964585609960351,1,81-100
83,Few,5,0.968174840045452,1,81-100
83,Few,5,0.968174840045452,1,81-100
83,Few,5,0.968174840045452,1,81-100
84,Few,5,0.971411085034123,1,81-100
84,Few,5,0.971411085034123,1,81-100
84,Few,5,0.971411085034123,1,81-100
85,Few,5,0.974326968325085,0,81-100
85,Few,5,0.974326968325085,1,81-100
85,Few,5,0.974326968325085,1,81-100
86,Few,5,0.976952506570728,1,81-100
86,Few,5,0.976952506570728,1,81-100
86,Few,5,0.976952506570728,0,81-100
87,Few,5,0.979315235788032,1,81-100
87,Few,5,0.979315235788032,1,81-100
87,Few,5,0.979315235788032,1,81-100
88,Few,5,0.981440349749771,1,81-100
88,Few,5,0.981440349749771,1,81-100
88,Few,5,0.981440349749771,1,81-100
89,Few,5,0.98335084527175,1,81-100
89,Few,5,0.98335084527175,1,81-100
89,Few,5,0.98335084527175,1,81-100
90,Few,5,0.985067670142313,1,81-100
90,Few,5,0.985067670142313,1,81-100
90,Few,5,0.985067670142313,1,81-100
91,Few,5,0.986609870401556,1,81-100
91,Few,5,0.986609870401556,1,81-100
91,Few,5,0.986609870401556,1,81-100
92,Few,5,0.987994734482758,1,81-100
92,Few,5,0.987994734482758,1,81-100
92,Few,5,0.987994734482758,1,81-100
93,Few,5,0.989237932393322,1,81-100
93,Few,5,0.989237932393322,1,81-100
93,Few,5,0.989237932393322,1,81-100
94,Few,5,0.99035364865416,1,81-100
94,Few,5,0.99035364865416,1,81-100
94,Few,5,0.99035364865416,1,81-100
95,Few,5,0.991354708151654,1,81-100
95,Few,5,0.991354708151654,1,81-100
95,Few,5,0.991354708151654,1,81-100
96,Few,5,0.992252694401043,1,81-100
96,Few,5,0.992252694401043,1,81-100
96,Few,5,0.992252694401043,1,81-100
97,Few,5,0.993058059988872,1,81-100
97,Few,5,0.993058059988872,1,81-100
97,Few,5,0.993058059988872,1,81-100
98,Few,5,0.99378022916801,1,81-100
98,Few,5,0.99378022916801,1,81-100
98,Few,5,0.99378022916801,1,81-100
99,Few,5,0.994427692732969,1,81-100
99,Few,5,0.994427692732969,1,81-100
99,Few,5,0.994427692732969,1,81-100
100,Few,5,0.99500809541574,1,81-100
100,Few,5,0.99500809541574,1,81-100
100,Few,5,0.99500809541574,1,81-100
1,Few,6,2.22044604925031e-16,0,1-20
1,Few,6,2.22044604925031e-16,0,1-20
1,Few,6,2.22044604925031e-16,0,1-20
2,Few,6,2.22044604925031e-16,0,1-20
2,Few,6,2.22044604925031e-16,0,1-20
2,Few,6,2.22044604925031e-16,0,1-20
3,Few,6,2.22044604925031e-16,0,1-20
3,Few,6,2.22044604925031e-16,0,1-20
3,Few,6,2.22044604925031e-16,0,1-20
4,Few,6,2.22044604925031e-16,0,1-20
4,Few,6,2.22044604925031e-16,0,1-20
4,Few,6,2.22044604925031e-16,0,1-20
5,Few,6,2.22044604925031e-16,0,1-20
5,Few,6,2.22044604925031e-16,0,1-20
5,Few,6,2.22044604925031e-16,0,1-20
6,Few,6,2.22044604925031e-16,0,1-20
6,Few,6,2.22044604925031e-16,0,1-20
6,Few,6,2.22044604925031e-16,0,1-20
7,Few,6,2.22044604925031e-16,0,1-20
7,Few,6,2.22044604925031e-16,0,1-20
7,Few,6,2.22044604925031e-16,0,1-20
8,Few,6,2.22044604925031e-16,0,1-20
8,Few,6,2.22044604925031e-16,0,1-20
8,Few,6,2.22044604925031e-16,0,1-20
9,Few,6,2.22044604925031e-16,0,1-20
9,Few,6,2.22044604925031e-16,0,1-20
9,Few,6,2.22044604925031e-16,0,1-20
10,Few,6,2.22044604925031e-16,0,1-20
10,Few,6,2.22044604925031e-16,0,1-20
10,Few,6,2.22044604925031e-16,0,1-20
11,Few,6,2.22044604925031e-16,0,1-20
11,Few,6,2.22044604925031e-16,0,1-20
11,Few,6,2.22044604925031e-16,0,1-20
12,Few,6,2.22044604925031e-16,0,1-20
12,Few,6,2.22044604925031e-16,0,1-20
12,Few,6,2.22044604925031e-16,0,1-20
13,Few,6,2.22044604925031e-16,0,1-20
13,Few,6,2.22044604925031e-16,0,1-20
13,Few,6,2.22044604925031e-16,0,1-20
14,Few,6,2.22044604925031e-16,0,1-20
14,Few,6,2.22044604925031e-16,0,1-20
14,Few,6,2.22044604925031e-16,0,1-20
15,Few,6,2.22044604925031e-16,0,1-20
15,Few,6,2.22044604925031e-16,0,1-20
15,Few,6,2.22044604925031e-16,0,1-20
16,Few,6,2.22044604925031e-16,0,1-20
16,Few,6,2.22044604925031e-16,0,1-20
16,Few,6,2.22044604925031e-16,0,1-20
17,Few,6,2.22044604925031e-16,0,1-20
17,Few,6,2.22044604925031e-16,0,1-20
17,Few,6,2.22044604925031e-16,0,1-20
18,Few,6,2.38751336151687e-13,0,1-20
18,Few,6,2.38751336151687e-13,0,1-20
18,Few,6,2.38751336151687e-13,0,1-20
19,Few,6,8.40057828544562e-13,0,1-20
19,Few,6,8.40057828544562e-13,0,1-20
19,Few,6,8.40057828544562e-13,0,1-20
20,Few,6,2.95578306145932e-12,0,1-20
20,Few,6,2.95578306145932e-12,0,1-20
20,Few,6,2.95578306145932e-12,0,1-20
21,Few,6,1.04000620070406e-11,0,21-40
21,Few,6,1.04000620070406e-11,0,21-40
21,Few,6,1.04000620070406e-11,0,21-40
22,Few,6,3.65931083233353e-11,0,21-40
22,Few,6,3.65931083233353e-11,0,21-40
22,Few,6,3.65931083233353e-11,0,21-40
23,Few,6,1.28754576248537e-10,0,21-40
23,Few,6,1.28754576248537e-10,0,21-40
23,Few,6,1.28754576248537e-10,0,21-40
24,Few,6,4.53029044557028e-10,0,21-40
24,Few,6,4.53029044557028e-10,0,21-40
24,Few,6,4.53029044557028e-10,0,21-40
25,Few,6,1.59400404260947e-09,0,21-40
25,Few,6,1.59400404260947e-09,0,21-40
25,Few,6,1.59400404260947e-09,0,21-40
26,Few,6,5.60857832644793e-09,0,21-40
26,Few,6,5.60857832644793e-09,0,21-40
26,Few,6,5.60857832644793e-09,0,21-40
27,Few,6,1.97340468938561e-08,0,21-40
27,Few,6,1.97340468938561e-08,0,21-40
27,Few,6,1.97340468938561e-08,0,21-40
28,Few,6,6.94351706061014e-08,0,21-40
28,Few,6,6.94351706061014e-08,0,21-40
28,Few,6,6.94351706061014e-08,0,21-40
29,Few,6,2.44310877517081e-07,0,21-40
29,Few,6,2.44310877517081e-07,0,21-40
29,Few,6,2.44310877517081e-07,0,21-40
30,Few,6,8.59618807928386e-07,0,21-40
30,Few,6,8.59618807928386e-07,0,21-40
30,Few,6,8.59618807928386e-07,0,21-40
31,Few,6,3.02460274109586e-06,0,21-40
31,Few,6,3.02460274109586e-06,0,21-40
31,Few,6,3.02460274109586e-06,0,21-40
32,Few,6,1.06421262258656e-05,0,21-40
32,Few,6,1.06421262258656e-05,0,21-40
32,Few,6,1.06421262258656e-05,0,21-40
33,Few,6,3.74438190913429e-05,0,21-40
33,Few,6,3.74438190913429e-05,0,21-40
33,Few,6,3.74438190913429e-05,0,21-40
34,Few,6,0.000131735419011442,0,21-40
34,Few,6,0.000131735419011442,0,21-40
34,Few,6,0.000131735419011442,0,21-40
35,Few,6,0.000463363544832219,0,21-40
35,Few,6,0.000463363544832219,0,21-40
35,Few,6,0.000463363544832219,0,21-40
36,Few,6,0.00162846604606861,0,21-40
36,Few,6,0.00162846604606861,0,21-40
36,Few,6,0.00162846604606861,0,21-40
37,Few,6,0.00570643035867916,0,21-40
37,Few,6,0.00570643035867916,0,21-40
37,Few,6,0.00570643035867916,0,21-40
38,Few,6,0.0197938683894747,0,21-40
38,Few,6,0.0197938683894747,0,21-40
38,Few,6,0.0197938683894747,0,21-40
39,Few,6,0.0663385626851159,0,21-40
39,Few,6,0.0663385626851159,0,21-40
39,Few,6,0.0663385626851159,1,21-40
40,Few,6,0.200000000000003,1,21-40
40,Few,6,0.200000000000003,0,21-40
40,Few,6,0.200000000000003,0,21-40
41,Few,6,0.467982320126418,0,41-60
41,Few,6,0.467982320126418,0,41-60
41,Few,6,0.467982320126418,0,41-60
42,Few,6,0.755802348415616,1,41-60
42,Few,6,0.755802348415616,1,41-60
42,Few,6,0.755802348415616,1,41-60
43,Few,6,0.915896109197512,1,41-60
43,Few,6,0.915896109197512,1,41-60
43,Few,6,0.915896109197512,1,41-60
44,Few,6,0.974565823651795,1,41-60
44,Few,6,0.974565823651795,1,41-60
44,Few,6,0.974565823651795,1,41-60
45,Few,6,0.992637356988164,1,41-60
45,Few,6,0.992637356988164,1,41-60
45,Few,6,0.992637356988164,1,41-60
46,Few,6,0.997896390094801,1,41-60
46,Few,6,0.997896390094801,1,41-60
46,Few,6,0.997896390094801,1,41-60
47,Few,6,0.999401235195154,1,41-60
47,Few,6,0.999401235195154,1,41-60
47,Few,6,0.999401235195154,1,41-60
48,Few,6,0.999829753157212,1,41-60
48,Few,6,0.999829753157212,1,41-60
48,Few,6,0.999829753157212,1,41-60
49,Few,6,0.999951608551616,1,41-60
49,Few,6,0.999951608551616,1,41-60
49,Few,6,0.999951608551616,1,41-60
50,Few,6,0.999986246276418,1,41-60
50,Few,6,0.999986246276418,1,41-60
50,Few,6,0.999986246276418,1,41-60
51,Few,6,0.999996091040285,1,41-60
51,Few,6,0.999996091040285,1,41-60
51,Few,6,0.999996091040285,1,41-60
52,Few,6,0.999998889038427,1,41-60
52,Few,6,0.999998889038427,1,41-60
52,Few,6,0.999998889038427,1,41-60
53,Few,6,0.999999684255343,1,41-60
53,Few,6,0.999999684255343,1,41-60
53,Few,6,0.999999684255343,1,41-60
54,Few,6,0.999999910262754,1,41-60
54,Few,6,0.999999910262754,1,41-60
54,Few,6,0.999999910262754,1,41-60
55,Few,6,0.999999974495936,1,41-60
55,Few,6,0.999999974495936,1,41-60
55,Few,6,0.999999974495936,1,41-60
56,Few,6,0.999999992751535,1,41-60
56,Few,6,0.999999992751535,1,41-60
56,Few,6,0.999999992751535,1,41-60
57,Few,6,0.999999997939927,1,41-60
57,Few,6,0.999999997939927,1,41-60
57,Few,6,0.999999997939927,1,41-60
58,Few,6,0.99999999941451,1,41-60
58,Few,6,0.99999999941451,1,41-60
58,Few,6,0.99999999941451,1,41-60
59,Few,6,0.999999999833599,1,41-60
59,Few,6,0.999999999833599,1,41-60
59,Few,6,0.999999999833599,1,41-60
60,Few,6,0.999999999952707,1,41-60
60,Few,6,0.999999999952707,1,41-60
60,Few,6,0.999999999952707,1,41-60
61,Few,6,0.999999999986559,1,61-80
61,Few,6,0.999999999986559,1,61-80
61,Few,6,0.999999999986559,1,61-80
62,Few,6,0.99999999999618,1,61-80
62,Few,6,0.99999999999618,1,61-80
62,Few,6,0.99999999999618,1,61-80
63,Few,6,0.999999999998914,1,61-80
63,Few,6,0.999999999998914,1,61-80
63,Few,6,0.999999999998914,1,61-80
64,Few,6,0.999999999999691,1,61-80
64,Few,6,0.999999999999691,1,61-80
64,Few,6,0.999999999999691,1,61-80
65,Few,6,1,1,61-80
65,Few,6,1,1,61-80
65,Few,6,1,1,61-80
66,Few,6,1,1,61-80
66,Few,6,1,1,61-80
66,Few,6,1,1,61-80
67,Few,6,1,1,61-80
67,Few,6,1,1,61-80
67,Few,6,1,1,61-80
68,Few,6,1,1,61-80
68,Few,6,1,1,61-80
68,Few,6,1,1,61-80
69,Few,6,1,1,61-80
69,Few,6,1,1,61-80
69,Few,6,1,1,61-80
70,Few,6,1,1,61-80
70,Few,6,1,1,61-80
70,Few,6,1,1,61-80
71,Few,6,1,1,61-80
71,Few,6,1,1,61-80
71,Few,6,1,1,61-80
72,Few,6,1,1,61-80
72,Few,6,1,1,61-80
72,Few,6,1,1,61-80
73,Few,6,1,1,61-80
73,Few,6,1,1,61-80
73,Few,6,1,1,61-80
74,Few,6,1,1,61-80
74,Few,6,1,1,61-80
74,Few,6,1,1,61-80
75,Few,6,1,1,61-80
75,Few,6,1,1,61-80
75,Few,6,1,1,61-80
76,Few,6,1,1,61-80
76,Few,6,1,1,61-80
76,Few,6,1,1,61-80
77,Few,6,1,1,61-80
77,Few,6,1,1,61-80
77,Few,6,1,1,61-80
78,Few,6,1,1,61-80
78,Few,6,1,1,61-80
78,Few,6,1,1,61-80
79,Few,6,1,1,61-80
79,Few,6,1,1,61-80
79,Few,6,1,1,61-80
80,Few,6,1,1,61-80
80,Few,6,1,1,61-80
80,Few,6,1,1,61-80
81,Few,6,1,1,81-100
81,Few,6,1,1,81-100
81,Few,6,1,1,81-100
82,Few,6,1,1,81-100
82,Few,6,1,1,81-100
82,Few,6,1,1,81-100
83,Few,6,1,1,81-100
83,Few,6,1,1,81-100
83,Few,6,1,1,81-100
84,Few,6,1,1,81-100
84,Few,6,1,1,81-100
84,Few,6,1,1,81-100
85,Few,6,1,1,81-100
85,Few,6,1,1,81-100
85,Few,6,1,1,81-100
86,Few,6,1,1,81-100
86,Few,6,1,1,81-100
86,Few,6,1,1,81-100
87,Few,6,1,1,81-100
87,Few,6,1,1,81-100
87,Few,6,1,1,81-100
88,Few,6,1,1,81-100
88,Few,6,1,1,81-100
88,Few,6,1,1,81-100
89,Few,6,1,1,81-100
89,Few,6,1,1,81-100
89,Few,6,1,1,81-100
90,Few,6,1,1,81-100
90,Few,6,1,1,81-100
90,Few,6,1,1,81-100
91,Few,6,1,1,81-100
91,Few,6,1,1,81-100
91,Few,6,1,1,81-100
92,Few,6,1,1,81-100
92,Few,6,1,1,81-100
92,Few,6,1,1,81-100
93,Few,6,1,1,81-100
93,Few,6,1,1,81-100
93,Few,6,1,1,81-100
94,Few,6,1,1,81-100
94,Few,6,1,1,81-100
94,Few,6,1,1,81-100
95,Few,6,1,1,81-100
95,Few,6,1,1,81-100
95,Few,6,1,1,81-100
96,Few,6,1,1,81-100
96,Few,6,1,1,81-100
96,Few,6,1,1,81-100
97,Few,6,1,1,81-100
97,Few,6,1,1,81-100
97,Few,6,1,1,81-100
98,Few,6,1,1,81-100
98,Few,6,1,1,81-100
98,Few,6,1,1,81-100
99,Few,6,1,1,81-100
99,Few,6,1,1,81-100
99,Few,6,1,1,81-100
100,Few,6,1,1,81-100
100,Few,6,1,1,81-100
100,Few,6,1,1,81-100
1,Few,7,0.00427677674063073,0,1-20
1,Few,7,0.00427677674063073,0,1-20
1,Few,7,0.00427677674063073,0,1-20
2,Few,7,0.00480073559673168,0,1-20
2,Few,7,0.00480073559673168,0,1-20
2,Few,7,0.00480073559673168,0,1-20
3,Few,7,0.00538853860801403,0,1-20
3,Few,7,0.00538853860801403,0,1-20
3,Few,7,0.00538853860801403,0,1-20
4,Few,7,0.00604787496609188,0,1-20
4,Few,7,0.00604787496609188,0,1-20
4,Few,7,0.00604787496609188,0,1-20
5,Few,7,0.00678733654137359,0,1-20
5,Few,7,0.00678733654137359,0,1-20
5,Few,7,0.00678733654137359,0,1-20
6,Few,7,0.00761651778601059,0,1-20
6,Few,7,0.00761651778601059,0,1-20
6,Few,7,0.00761651778601059,0,1-20
7,Few,7,0.00854612510538841,0,1-20
7,Few,7,0.00854612510538841,0,1-20
7,Few,7,0.00854612510538841,0,1-20
8,Few,7,0.00958809616585893,0,1-20
8,Few,7,0.00958809616585893,0,1-20
8,Few,7,0.00958809616585893,0,1-20
9,Few,7,0.010755729498352,0,1-20
9,Few,7,0.010755729498352,0,1-20
9,Few,7,0.010755729498352,0,1-20
10,Few,7,0.0120638245994879,0,1-20
10,Few,7,0.0120638245994879,0,1-20
10,Few,7,0.0120638245994879,0,1-20
11,Few,7,0.0135288325106828,0,1-20
11,Few,7,0.0135288325106828,0,1-20
11,Few,7,0.0135288325106828,0,1-20
12,Few,7,0.0151690165558371,0,1-20
12,Few,7,0.0151690165558371,0,1-20
12,Few,7,0.0151690165558371,0,1-20
13,Few,7,0.0170046225211879,0,1-20
13,Few,7,0.0170046225211879,0,1-20
13,Few,7,0.0170046225211879,0,1-20
14,Few,7,0.0190580570456583,0,1-20
14,Few,7,0.0190580570456583,0,1-20
14,Few,7,0.0190580570456583,0,1-20
15,Few,7,0.0213540723327786,0,1-20
15,Few,7,0.0213540723327786,0,1-20
15,Few,7,0.0213540723327786,0,1-20
16,Few,7,0.0239199544699262,0,1-20
16,Few,7,0.0239199544699262,0,1-20
16,Few,7,0.0239199544699262,0,1-20
17,Few,7,0.0267857116197729,0,1-20
17,Few,7,0.0267857116197729,0,1-20
17,Few,7,0.0267857116197729,0,1-20
18,Few,7,0.0299842571050318,0,1-20
18,Few,7,0.0299842571050318,0,1-20
18,Few,7,0.0299842571050318,0,1-20
19,Few,7,0.0335515809158419,0,1-20
19,Few,7,0.0335515809158419,1,1-20
19,Few,7,0.0335515809158419,0,1-20
20,Few,7,0.0375269014102677,0,1-20
20,Few,7,0.0375269014102677,1,1-20
20,Few,7,0.0375269014102677,0,1-20
21,Few,7,0.0419527869440205,0,21-40
21,Few,7,0.0419527869440205,0,21-40
21,Few,7,0.0419527869440205,0,21-40
22,Few,7,0.0468752348646899,0,21-40
22,Few,7,0.0468752348646899,0,21-40
22,Few,7,0.0468752348646899,1,21-40
23,Few,7,0.0523436927736253,0,21-40
23,Few,7,0.0523436927736253,0,21-40
23,Few,7,0.0523436927736253,0,21-40
24,Few,7,0.058411004267207,0,21-40
24,Few,7,0.058411004267207,0,21-40
24,Few,7,0.058411004267207,0,21-40
25,Few,7,0.0651332586403671,0,21-40
25,Few,7,0.0651332586403671,0,21-40
25,Few,7,0.0651332586403671,0,21-40
26,Few,7,0.0725695214546067,0,21-40
26,Few,7,0.0725695214546067,0,21-40
26,Few,7,0.0725695214546067,0,21-40
27,Few,7,0.0807814207044996,0,21-40
27,Few,7,0.0807814207044996,0,21-40
27,Few,7,0.0807814207044996,0,21-40
28,Few,7,0.0898325619155114,0,21-40
28,Few,7,0.0898325619155114,0,21-40
28,Few,7,0.0898325619155114,0,21-40
29,Few,7,0.0997877453241325,0,21-40
29,Few,7,0.0997877453241325,0,21-40
29,Few,7,0.0997877453241325,1,21-40
30,Few,7,0.110711959875063,0,21-40
30,Few,7,0.110711959875063,0,21-40
30,Few,7,0.110711959875063,0,21-40
31,Few,7,0.122669132739794,1,21-40
31,Few,7,0.122669132739794,1,21-40
31,Few,7,0.122669132739794,0,21-40
32,Few,7,0.135720620067293,0,21-40
32,Few,7,0.135720620067293,0,21-40
32,Few,7,0.135720620067293,0,21-40
33,Few,7,0.149923435328348,0,21-40
33,Few,7,0.149923435328348,1,21-40
33,Few,7,0.149923435328348,0,21-40
34,Few,7,0.165328226366001,0,21-40
34,Few,7,0.165328226366001,1,21-40
34,Few,7,0.165328226366001,0,21-40
35,Few,7,0.181977031275345,0,21-40
35,Few,7,0.181977031275345,0,21-40
35,Few,7,0.181977031275345,0,21-40
36,Few,7,0.199900866201079,0,21-40
36,Few,7,0.199900866201079,1,21-40
36,Few,7,0.199900866201079,0,21-40
37,Few,7,0.219117224114781,0,21-40
37,Few,7,0.219117224114781,0,21-40
37,Few,7,0.219117224114781,0,21-40
38,Few,7,0.239627590885043,1,21-40
38,Few,7,0.239627590885043,0,21-40
38,Few,7,0.239627590885043,1,21-40
39,Few,7,0.261415110901471,0,21-40
39,Few,7,0.261415110901471,0,21-40
39,Few,7,0.261415110901471,0,21-40
40,Few,7,0.28444255579735,0,21-40
40,Few,7,0.28444255579735,1,21-40
40,Few,7,0.28444255579735,0,21-40
41,Few,7,0.308650762553245,0,41-60
41,Few,7,0.308650762553245,0,41-60
41,Few,7,0.308650762553245,0,41-60
42,Few,7,0.33395770752361,0,41-60
42,Few,7,0.33395770752361,1,41-60
42,Few,7,0.33395770752361,0,41-60
43,Few,7,0.360258367399255,1,41-60
43,Few,7,0.360258367399255,0,41-60
43,Few,7,0.360258367399255,0,41-60
44,Few,7,0.387425484891056,1,41-60
44,Few,7,0.387425484891056,1,41-60
44,Few,7,0.387425484891056,0,41-60
45,Few,7,0.415311306234154,0,41-60
45,Few,7,0.415311306234154,1,41-60
45,Few,7,0.415311306234154,0,41-60
46,Few,7,0.443750292368987,1,41-60
46,Few,7,0.443750292368987,1,41-60
46,Few,7,0.443750292368987,0,41-60
47,Few,7,0.472562731503357,1,41-60
47,Few,7,0.472562731503357,1,41-60
47,Few,7,0.472562731503357,0,41-60
48,Few,7,0.501559105608096,1,41-60
48,Few,7,0.501559105608096,1,41-60
48,Few,7,0.501559105608096,1,41-60
49,Few,7,0.530544996362756,1,41-60
49,Few,7,0.530544996362756,1,41-60
49,Few,7,0.530544996362756,0,41-60
50,Few,7,0.559326265988126,0,41-60
50,Few,7,0.559326265988126,1,41-60
50,Few,7,0.559326265988126,1,41-60
51,Few,7,0.587714222247046,1,41-60
51,Few,7,0.587714222247046,0,41-60
51,Few,7,0.587714222247046,1,41-60
52,Few,7,0.615530478412668,1,41-60
52,Few,7,0.615530478412668,0,41-60
52,Few,7,0.615530478412668,1,41-60
53,Few,7,0.642611247974556,0,41-60
53,Few,7,0.642611247974556,1,41-60
53,Few,7,0.642611247974556,0,41-60
54,Few,7,0.668810866134442,1,41-60
54,Few,7,0.668810866134442,0,41-60
54,Few,7,0.668810866134442,1,41-60
55,Few,7,0.694004398493815,1,41-60
55,Few,7,0.694004398493815,1,41-60
55,Few,7,0.694004398493815,0,41-60
56,Few,7,0.718089272806799,1,41-60
56,Few,7,0.718089272806799,1,41-60
56,Few,7,0.718089272806799,1,41-60
57,Few,7,0.740985943212912,1,41-60
57,Few,7,0.740985943212912,1,41-60
57,Few,7,0.740985943212912,1,41-60
58,Few,7,0.762637660267379,1,41-60
58,Few,7,0.762637660267379,1,41-60
58,Few,7,0.762637660267379,1,41-60
59,Few,7,0.783009468986614,0,41-60
59,Few,7,0.783009468986614,1,41-60
59,Few,7,0.783009468986614,1,41-60
60,Few,7,0.80208658842051,1,41-60
60,Few,7,0.80208658842051,1,41-60
60,Few,7,0.80208658842051,1,41-60
61,Few,7,0.819872339973011,1,61-80
61,Few,7,0.819872339973011,1,61-80
61,Few,7,0.819872339973011,1,61-80
62,Few,7,0.836385789916016,1,61-80
62,Few,7,0.836385789916016,0,61-80
62,Few,7,0.836385789916016,0,61-80
63,Few,7,0.851659257693373,1,61-80
63,Few,7,0.851659257693373,1,61-80
63,Few,7,0.851659257693373,1,61-80
64,Few,7,0.865735819646728,0,61-80
64,Few,7,0.865735819646728,1,61-80
64,Few,7,0.865735819646728,1,61-80
65,Few,7,0.878666911558379,1,61-80
65,Few,7,0.878666911558379,1,61-80
65,Few,7,0.878666911558379,1,61-80
66,Few,7,0.890510106183595,1,61-80
66,Few,7,0.890510106183595,1,61-80
66,Few,7,0.890510106183595,1,61-80
67,Few,7,0.901327116226414,1,61-80
67,Few,7,0.901327116226414,1,61-80
67,Few,7,0.901327116226414,1,61-80
68,Few,7,0.911182050639924,1,61-80
68,Few,7,0.911182050639924,1,61-80
68,Few,7,0.911182050639924,1,61-80
69,Few,7,0.920139933574039,1,61-80
69,Few,7,0.920139933574039,0,61-80
69,Few,7,0.920139933574039,1,61-80
70,Few,7,0.928265480997572,1,61-80
70,Few,7,0.928265480997572,1,61-80
70,Few,7,0.928265480997572,0,61-80
71,Few,7,0.935622119787772,1,61-80
71,Few,7,0.935622119787772,1,61-80
71,Few,7,0.935622119787772,1,61-80
72,Few,7,0.942271227431078,1,61-80
72,Few,7,0.942271227431078,1,61-80
72,Few,7,0.942271227431078,1,61-80
73,Few,7,0.948271566796693,1,61-80
73,Few,7,0.948271566796693,1,61-80
73,Few,7,0.948271566796693,0,61-80
74,Few,7,0.953678889079279,0,61-80
74,Few,7,0.953678889079279,1,61-80
74,Few,7,0.953678889079279,1,61-80
75,Few,7,0.958545678344474,1,61-80
75,Few,7,0.958545678344474,1,61-80
75,Few,7,0.958545678344474,1,61-80
76,Few,7,0.962921012614501,1,61-80
76,Few,7,0.962921012614501,1,61-80
76,Few,7,0.962921012614501,1,61-80
77,Few,7,0.966850518658967,1,61-80
77,Few,7,0.966850518658967,1,61-80
77,Few,7,0.966850518658967,1,61-80
78,Few,7,0.970376400263697,1,61-80
78,Few,7,0.970376400263697,1,61-80
78,Few,7,0.970376400263697,1,61-80
79,Few,7,0.973537522482919,1,61-80
79,Few,7,0.973537522482919,1,61-80
79,Few,7,0.973537522482919,1,61-80
80,Few,7,0.976369537059274,1,61-80
80,Few,7,0.976369537059274,1,61-80
80,Few,7,0.976369537059274,1,61-80
81,Few,7,0.9789050367061,1,81-100
81,Few,7,0.9789050367061,1,81-100
81,Few,7,0.9789050367061,1,81-100
82,Few,7,0.981173728219793,1,81-100
82,Few,7,0.981173728219793,1,81-100
82,Few,7,0.981173728219793,1,81-100
83,Few,7,0.983202616394857,1,81-100
83,Few,7,0.983202616394857,1,81-100
83,Few,7,0.983202616394857,1,81-100
84,Few,7,0.985016192443793,1,81-100
84,Few,7,0.985016192443793,1,81-100
84,Few,7,0.985016192443793,1,81-100
85,Few,7,0.98663662208803,1,81-100
85,Few,7,0.98663662208803,1,81-100
85,Few,7,0.98663662208803,1,81-100
86,Few,7,0.988083929704678,1,81-100
86,Few,7,0.988083929704678,1,81-100
86,Few,7,0.988083929704678,1,81-100
87,Few,7,0.989376175912386,1,81-100
87,Few,7,0.989376175912386,1,81-100
87,Few,7,0.989376175912386,1,81-100
88,Few,7,0.990529626785612,1,81-100
88,Few,7,0.990529626785612,1,81-100
88,Few,7,0.990529626785612,1,81-100
89,Few,7,0.991558913527315,1,81-100
89,Few,7,0.991558913527315,1,81-100
89,Few,7,0.991558913527315,1,81-100
90,Few,7,0.992477181931614,1,81-100
90,Few,7,0.992477181931614,1,81-100
90,Few,7,0.992477181931614,1,81-100
91,Few,7,0.993296231353512,1,81-100
91,Few,7,0.993296231353512,1,81-100
91,Few,7,0.993296231353512,1,81-100
92,Few,7,0.994026643193413,1,81-100
92,Few,7,0.994026643193413,1,81-100
92,Few,7,0.994026643193413,1,81-100
93,Few,7,0.994677899117816,1,81-100
93,Few,7,0.994677899117816,1,81-100
93,Few,7,0.994677899117816,1,81-100
94,Few,7,0.995258489389602,1,81-100
94,Few,7,0.995258489389602,1,81-100
94,Few,7,0.995258489389602,1,81-100
95,Few,7,0.995776011784734,1,81-100
95,Few,7,0.995776011784734,1,81-100
95,Few,7,0.995776011784734,1,81-100
96,Few,7,0.996237261637592,1,81-100
96,Few,7,0.996237261637592,1,81-100
96,Few,7,0.996237261637592,1,81-100
97,Few,7,0.996648313593324,1,81-100
97,Few,7,0.996648313593324,1,81-100
97,Few,7,0.996648313593324,1,81-100
98,Few,7,0.997014595659707,1,81-100
98,Few,7,0.997014595659707,1,81-100
98,Few,7,0.997014595659707,1,81-100
99,Few,7,0.997340956148684,1,81-100
99,Few,7,0.997340956148684,1,81-100
99,Few,7,0.997340956148684,1,81-100
100,Few,7,0.99763172408352,1,81-100
100,Few,7,0.99763172408352,1,81-100
100,Few,7,0.99763172408352,1,81-100
1,Few,8,0.00168820339300726,0,1-20
1,Few,8,0.00168820339300726,0,1-20
1,Few,8,0.00168820339300726,0,1-20
2,Few,8,0.00189693196345785,0,1-20
2,Few,8,0.00189693196345785,0,1-20
2,Few,8,0.00189693196345785,0,1-20
3,Few,8,0.00213141252487534,0,1-20
3,Few,8,0.00213141252487534,0,1-20
3,Few,8,0.00213141252487534,0,1-20
4,Few,8,0.00239480778394677,0,1-20
4,Few,8,0.00239480778394677,0,1-20
4,Few,8,0.00239480778394677,0,1-20
5,Few,8,0.00269066508053218,0,1-20
5,Few,8,0.00269066508053218,0,1-20
5,Few,8,0.00269066508053218,0,1-20
6,Few,8,0.00302296217023823,0,1-20
6,Few,8,0.00302296217023823,0,1-20
6,Few,8,0.00302296217023823,0,1-20
7,Few,8,0.0033961581947417,0,1-20
7,Few,8,0.0033961581947417,0,1-20
7,Few,8,0.0033961581947417,0,1-20
8,Few,8,0.00381525035809039,0,1-20
8,Few,8,0.00381525035809039,0,1-20
8,Few,8,0.00381525035809039,0,1-20
9,Few,8,0.00428583685983857,0,1-20
9,Few,8,0.00428583685983857,0,1-20
9,Few,8,0.00428583685983857,0,1-20
10,Few,8,0.00481418666472095,0,1-20
10,Few,8,0.00481418666472095,0,1-20
10,Few,8,0.00481418666472095,0,1-20
11,Few,8,0.00540731671129959,0,1-20
11,Few,8,0.00540731671129959,0,1-20
11,Few,8,0.00540731671129959,0,1-20
12,Few,8,0.00607307717560031,0,1-20
12,Few,8,0.00607307717560031,0,1-20
12,Few,8,0.00607307717560031,0,1-20
13,Few,8,0.00682024540629166,0,1-20
13,Few,8,0.00682024540629166,0,1-20
13,Few,8,0.00682024540629166,0,1-20
14,Few,8,0.00765862913049526,0,1-20
14,Few,8,0.00765862913049526,0,1-20
14,Few,8,0.00765862913049526,0,1-20
15,Few,8,0.00859917948761842,0,1-20
15,Few,8,0.00859917948761842,0,1-20
15,Few,8,0.00859917948761842,0,1-20
16,Few,8,0.00965411437490135,0,1-20
16,Few,8,0.00965411437490135,0,1-20
16,Few,8,0.00965411437490135,0,1-20
17,Few,8,0.0108370524730968,0,1-20
17,Few,8,0.0108370524730968,0,1-20
17,Few,8,0.0108370524730968,0,1-20
18,Few,8,0.0121631581521689,0,1-20
18,Few,8,0.0121631581521689,0,1-20
18,Few,8,0.0121631581521689,0,1-20
19,Few,8,0.0136492972210304,0,1-20
19,Few,8,0.0136492972210304,0,1-20
19,Few,8,0.0136492972210304,1,1-20
20,Few,8,0.0153142031653753,0,1-20
20,Few,8,0.0153142031653753,0,1-20
20,Few,8,0.0153142031653753,0,1-20
21,Few,8,0.0171786530939808,0,21-40
21,Few,8,0.0171786530939808,0,21-40
21,Few,8,0.0171786530939808,0,21-40
22,Few,8,0.0192656520638498,1,21-40
22,Few,8,0.0192656520638498,0,21-40
22,Few,8,0.0192656520638498,0,21-40
23,Few,8,0.0216006237528329,0,21-40
23,Few,8,0.0216006237528329,0,21-40
23,Few,8,0.0216006237528329,0,21-40
24,Few,8,0.0242116045671149,0,21-40
24,Few,8,0.0242116045671149,0,21-40
24,Few,8,0.0242116045671149,0,21-40
25,Few,8,0.0271294371810028,0,21-40
25,Few,8,0.0271294371810028,0,21-40
25,Few,8,0.0271294371810028,0,21-40
26,Few,8,0.0303879581788364,0,21-40
26,Few,8,0.0303879581788364,0,21-40
26,Few,8,0.0303879581788364,0,21-40
27,Few,8,0.0340241728774845,0,21-40
27,Few,8,0.0340241728774845,0,21-40
27,Few,8,0.0340241728774845,0,21-40
28,Few,8,0.0380784085333546,0,21-40
28,Few,8,0.0380784085333546,0,21-40
28,Few,8,0.0380784085333546,0,21-40
29,Few,8,0.0425944349728999,0,21-40
29,Few,8,0.0425944349728999,0,21-40
29,Few,8,0.0425944349728999,0,21-40
30,Few,8,0.0476195392424976,0,21-40
30,Few,8,0.0476195392424976,0,21-40
30,Few,8,0.0476195392424976,1,21-40
31,Few,8,0.053204538193642,0,21-40
31,Few,8,0.053204538193642,0,21-40
31,Few,8,0.053204538193642,0,21-40
32,Few,8,0.059403710084941,1,21-40
32,Few,8,0.059403710084941,0,21-40
32,Few,8,0.059403710084941,0,21-40
33,Few,8,0.0662746234306616,0,21-40
33,Few,8,0.0662746234306616,0,21-40
33,Few,8,0.0662746234306616,0,21-40
34,Few,8,0.0738778386640916,0,21-40
34,Few,8,0.0738778386640916,0,21-40
34,Few,8,0.0738778386640916,0,21-40
35,Few,8,0.0822764560059498,0,21-40
35,Few,8,0.0822764560059498,1,21-40
35,Few,8,0.0822764560059498,0,21-40
36,Few,8,0.0915354816248601,0,21-40
36,Few,8,0.0915354816248601,0,21-40
36,Few,8,0.0915354816248601,0,21-40
37,Few,8,0.101720984244158,0,21-40
37,Few,8,0.101720984244158,0,21-40
37,Few,8,0.101720984244158,0,21-40
38,Few,8,0.112899016380847,0,21-40
38,Few,8,0.112899016380847,0,21-40
38,Few,8,0.112899016380847,0,21-40
39,Few,8,0.125134279065428,0,21-40
39,Few,8,0.125134279065428,0,21-40
39,Few,8,0.125134279065428,0,21-40
40,Few,8,0.13848851687431,0,21-40
40,Few,8,0.13848851687431,0,21-40
40,Few,8,0.13848851687431,0,21-40
41,Few,8,0.153018642034308,1,41-60
41,Few,8,0.153018642034308,0,41-60
41,Few,8,0.153018642034308,0,41-60
42,Few,8,0.168774602668735,1,41-60
42,Few,8,0.168774602668735,0,41-60
42,Few,8,0.168774602668735,1,41-60
43,Few,8,0.185797031036046,0,41-60
43,Few,8,0.185797031036046,0,41-60
43,Few,8,0.185797031036046,0,41-60
44,Few,8,0.204114732421251,0,41-60
44,Few,8,0.204114732421251,0,41-60
44,Few,8,0.204114732421251,0,41-60
45,Few,8,0.223742103016002,0,41-60
45,Few,8,0.223742103016002,0,41-60
45,Few,8,0.223742103016002,0,41-60
46,Few,8,0.244676593644067,0,41-60
46,Few,8,0.244676593644067,1,41-60
46,Few,8,0.244676593644067,1,41-60
47,Few,8,0.266896362628906,0,41-60
47,Few,8,0.266896362628906,0,41-60
47,Few,8,0.266896362628906,0,41-60
48,Few,8,0.290358281743829,0,41-60
48,Few,8,0.290358281743829,0,41-60
48,Few,8,0.290358281743829,0,41-60
49,Few,8,0.314996469853682,0,41-60
49,Few,8,0.314996469853682,1,41-60
49,Few,8,0.314996469853682,1,41-60
50,Few,8,0.340721525466858,0,41-60
50,Few,8,0.340721525466858,0,41-60
50,Few,8,0.340721525466858,0,41-60
51,Few,8,0.367420608734995,0,41-60
51,Few,8,0.367420608734995,1,41-60
51,Few,8,0.367420608734995,0,41-60
52,Few,8,0.394958483930482,0,41-60
52,Few,8,0.394958483930482,0,41-60
52,Few,8,0.394958483930482,1,41-60
53,Few,8,0.423179576021246,0,41-60
53,Few,8,0.423179576021246,1,41-60
53,Few,8,0.423179576021246,0,41-60
54,Few,8,0.451911023481825,1,41-60
54,Few,8,0.451911023481825,0,41-60
54,Few,8,0.451911023481825,0,41-60
55,Few,8,0.480966630616973,0,41-60
55,Few,8,0.480966630616973,0,41-60
55,Few,8,0.480966630616973,1,41-60
56,Few,8,0.510151545285706,0,41-60
56,Few,8,0.510151545285706,0,41-60
56,Few,8,0.510151545285706,1,41-60
57,Few,8,0.53926742174819,1,41-60
57,Few,8,0.53926742174819,0,41-60
57,Few,8,0.53926742174819,1,41-60
58,Few,8,0.568117782397923,0,41-60
58,Few,8,0.568117782397923,1,41-60
58,Few,8,0.568117782397923,1,41-60
59,Few,8,0.596513272924207,0,41-60
59,Few,8,0.596513272924207,0,41-60
59,Few,8,0.596513272924207,0,41-60
60,Few,8,0.624276515773842,0,41-60
60,Few,8,0.624276515773842,0,41-60
60,Few,8,0.624276515773842,1,41-60
61,Few,8,0.651246305138126,0,61-80
61,Few,8,0.651246305138126,1,61-80
61,Few,8,0.651246305138126,1,61-80
62,Few,8,0.677280947573885,1,61-80
62,Few,8,0.677280947573885,1,61-80
62,Few,8,0.677280947573885,0,61-80
63,Few,8,0.70226062736957,1,61-80
63,Few,8,0.70226062736957,1,61-80
63,Few,8,0.70226062736957,1,61-80
64,Few,8,0.726088755189695,1,61-80
64,Few,8,0.726088755189695,1,61-80
64,Few,8,0.726088755189695,0,61-80
65,Few,8,0.748692333086359,1,61-80
65,Few,8,0.748692333086359,1,61-80
65,Few,8,0.748692333086359,0,61-80
66,Few,8,0.770021431205118,1,61-80
66,Few,8,0.770021431205118,1,61-80
66,Few,8,0.770021431205118,1,61-80
67,Few,8,0.790047916697844,1,61-80
67,Few,8,0.790047916697844,1,61-80
67,Few,8,0.790047916697844,1,61-80
68,Few,8,0.80876360170642,1,61-80
68,Few,8,0.80876360170642,1,61-80
68,Few,8,0.80876360170642,1,61-80
69,Few,8,0.826177985655596,1,61-80
69,Few,8,0.826177985655596,1,61-80
69,Few,8,0.826177985655596,1,61-80
70,Few,8,0.84231576029614,1,61-80
70,Few,8,0.84231576029614,1,61-80
70,Few,8,0.84231576029614,1,61-80
71,Few,8,0.857214227881952,1,61-80
71,Few,8,0.857214227881952,1,61-80
71,Few,8,0.857214227881952,1,61-80
72,Few,8,0.870920757766473,1,61-80
72,Few,8,0.870920757766473,1,61-80
72,Few,8,0.870920757766473,1,61-80
73,Few,8,0.88349037846632,1,61-80
73,Few,8,0.88349037846632,1,61-80
73,Few,8,0.88349037846632,1,61-80
74,Few,8,0.894983574051089,1,61-80
74,Few,8,0.894983574051089,1,61-80
74,Few,8,0.894983574051089,1,61-80
75,Few,8,0.905464327875804,1,61-80
75,Few,8,0.905464327875804,1,61-80
75,Few,8,0.905464327875804,1,61-80
76,Few,8,0.914998434587972,1,61-80
76,Few,8,0.914998434587972,1,61-80
76,Few,8,0.914998434587972,1,61-80
77,Few,8,0.92365208365844,1,61-80
77,Few,8,0.92365208365844,1,61-80
77,Few,8,0.92365208365844,1,61-80
78,Few,8,0.931490704456785,1,61-80
78,Few,8,0.931490704456785,1,61-80
78,Few,8,0.931490704456785,1,61-80
79,Few,8,0.93857805376814,1,61-80
79,Few,8,0.93857805376814,1,61-80
79,Few,8,0.93857805376814,1,61-80
80,Few,8,0.944975521046558,1,61-80
80,Few,8,0.944975521046558,1,61-80
80,Few,8,0.944975521046558,1,61-80
81,Few,8,0.950741623940102,1,81-100
81,Few,8,0.950741623940102,1,81-100
81,Few,8,0.950741623940102,1,81-100
82,Few,8,0.955931666024519,1,81-100
82,Few,8,0.955931666024519,1,81-100
82,Few,8,0.955931666024519,1,81-100
83,Few,8,0.960597529625477,0,81-100
83,Few,8,0.960597529625477,1,81-100
83,Few,8,0.960597529625477,1,81-100
84,Few,8,0.964787578567265,1,81-100
84,Few,8,0.964787578567265,1,81-100
84,Few,8,0.964787578567265,1,81-100
85,Few,8,0.968546648235462,1,81-100
85,Few,8,0.968546648235462,1,81-100
85,Few,8,0.968546648235462,1,81-100
86,Few,8,0.971916103160549,1,81-100
86,Few,8,0.971916103160549,1,81-100
86,Few,8,0.971916103160549,1,81-100
87,Few,8,0.974933945186588,1,81-100
87,Few,8,0.974933945186588,1,81-100
87,Few,8,0.974933945186588,1,81-100
88,Few,8,0.977634958027066,1,81-100
88,Few,8,0.977634958027066,1,81-100
88,Few,8,0.977634958027066,1,81-100
89,Few,8,0.980050876531186,1,81-100
89,Few,8,0.980050876531186,1,81-100
89,Few,8,0.980050876531186,1,81-100
90,Few,8,0.982210571236005,1,81-100
90,Few,8,0.982210571236005,1,81-100
90,Few,8,0.982210571236005,1,81-100
91,Few,8,0.984140240742708,1,81-100
91,Few,8,0.984140240742708,1,81-100
91,Few,8,0.984140240742708,1,81-100
92,Few,8,0.985863606131293,1,81-100
92,Few,8,0.985863606131293,1,81-100
92,Few,8,0.985863606131293,1,81-100
93,Few,8,0.987402103033321,1,81-100
93,Few,8,0.987402103033321,1,81-100
93,Few,8,0.987402103033321,1,81-100
94,Few,8,0.988775068141682,1,81-100
94,Few,8,0.988775068141682,1,81-100
94,Few,8,0.988775068141682,1,81-100
95,Few,8,0.989999917878036,1,81-100
95,Few,8,0.989999917878036,1,81-100
95,Few,8,0.989999917878036,1,81-100
96,Few,8,0.991092317691935,1,81-100
96,Few,8,0.991092317691935,1,81-100
96,Few,8,0.991092317691935,1,81-100
97,Few,8,0.992066341059024,1,81-100
97,Few,8,0.992066341059024,1,81-100
97,Few,8,0.992066341059024,1,81-100
98,Few,8,0.992934617705329,1,81-100
98,Few,8,0.992934617705329,1,81-100
98,Few,8,0.992934617705329,1,81-100
99,Few,8,0.993708470934004,1,81-100
99,Few,8,0.993708470934004,1,81-100
99,Few,8,0.993708470934004,1,81-100
100,Few,8,0.994398044190414,1,81-100
100,Few,8,0.994398044190414,1,81-100
100,Few,8,0.994398044190414,1,81-100
